Workbook

Sheet Лист1
A5: POL | B5: POD | C5: Carrier | D5: ETD | E5: TT | G5: O | H5: ROUTE | I5: Note1 | K5: релиз | L5: DTHC | M5: DOC
G6: 20GP | I6: Cancellation fee USD200/TEU once space is available
A7: DALIAN | B7: Санкт-Петербург, Петролеспорт | C7: SFT | D7: 1.08, | E7: 40-50 | F7: 20GP | G7: 3955 | H7: прямой | I7: включено DTHC 450+ DOC 50+ REL 50; 14days free | K7: 0 | L7: 0 | M7: 0 | O7: =G7+K7+M7 -> 3955 | P7: =L7 -> 0
A8: DALIAN | B8: Санкт-Петербург, ПКТ | C8: FESCO | D8: 20.07, | E8: 40-50 | F8: 20GP | G8: 4100 | H8: прямой через порт Rizhao | I8: включено DTHC 400,не включеноDoc 115; 14days free | K8: 0 | L8: 0 | M8: 115 | O8: =G8+K8+M8 -> 4215 | P8: =L8 -> 0
A9: DALIAN | B9: Новороссийск | C9: FESCO | D9: 5.08, | E9: 30-35 | F9: 20GP | G9: 3200 | H9: прямой через порт Rizhao | I9: не включеноDTHC RUBS46250/49600+DDF USD155 20, 14days free | K9: 20 | L9: 46250 | M9: 115 | O9: =G9+K9+M9 -> 3335 | P9: =L9 -> 46250
A10: TIANJIN | B10: Санкт-Петербург, ПКТ | C10: NNS | D10: 20.07, | E10: 35-40 | F10: 20GP | G10: 3610 | H10: прямой -Northern Sea | I10: включено DTHC 450+Doc 60; 14days free | K10: 0 | L10: 0 | M10: 0 | O10: =G10+K10+M10 -> 3610 | P10: =L10 -> 0
A11: TIANJIN | B11: Новороссийск | C11: FESCO | D11: 8.08, | E11: 30-35 | F11: 20GP | G11: 2900 | H11: прямой через порт Rizhao | I11: не включеноDTHC RUBS46250/49600+DDF USD155 20, 14days free | K11: 20 | L11: 46250 | M11: 115 | O11: =G11+K11+M11 -> 3035 | P11: =L11 -> 46250
A12: RIZHAO | B12: Санкт-Петербург, ПКТ | C12: FESCO | D12: 27.07, | E12: 40-50 | F12: 20GP | G12: 3900 | H12: прямой | I12: включено DTHC 400,не включеноDoc 115; 14days free | K12: 0 | L12: 0 | M12: 115 | O12: =G12+K12+M12 -> 4015 | P12: =L12 -> 0
A13: RIZHAO | B13: Новороссийск | C13: FESCO | D13: 10.08, | E13: 30-35 | F13: 20GP | G13: 2900 | H13: прямой | I13: не включеноDTHC RUBS46250/49600+DDF USD155 20, 14days free | K13: 20 | L13: 46250 | M13: 115 | O13: =G13+K13+M13 -> 3035 | P13: =L13 -> 46250
A14: QINGDAO | B14: Санкт-Петербург, Петролеспорт | C14: OVP | D14: 19.07, | E14: 50-60 | F14: 20GP | G14: 3685 | H14: через порт Alexandria | I14: включено DTHC 450,не включеноDoc 50+REL 50; 14days free | K14: 0 | L14: 0 | M14: 0 | O14: =G14+K14+M14 -> 3685 | P14: =L14 -> 0
A15: QINGDAO | B15: Санкт-Петербург, КТСП | C15: MOHILL | D15: 20.07, | E15: 40-50 | F15: 20GP | G15: 3900 | H15: прямой | I15: включено DTHC 500+DOC 50+ REL 50,14days free | K15: 0 | L15: 0 | M15: 0 | O15: =G15+K15+M15 -> 3900 | P15: =L15 -> 0
A16: QINGDAO | B16: Санкт-Петербург, ПКТ | C16: FESCO | D16: 23.07, | E16: 40-50 | F16: 20GP | G16: 3900 | H16: прямой | I16: включено DTHC 400,не включеноDoc 115; 14days free | K16: 0 | L16: 0 | M16: 115 | O16: =G16+K16+M16 -> 4015 | P16: =L16 -> 0
A17: QINGDAO | B17: Санкт-Петербург, Петролеспорт | C17: SFT | D17: 30.07, | E17: 40-50 | F17: 20GP | G17: 3755 | H17: прямой | I17: включено DTHC 450+ DOC 50+ REL 50; 14days free | K17: 0 | L17: 0 | M17: 0 | O17: =G17+K17+M17 -> 3755 | P17: =L17 -> 0
A18: QINGDAO | B18: Новороссийск | C18: OVP | D18: 19.07, | E18: 40-50 | F18: 20GP | G18: 3025 | H18: через порт Alexandria | I18: не включеноDTHC RUB56000+Doc 50+REL 50; 14days free | K18: 50 | L18: 56000 | M18: 50 | O18: =G18+K18+M18 -> 3125 | P18: =L18 -> 56000
... A52: XIAMEN | B52: Санкт-Петербург, Петролеспорт | C52: SFT | D52: 22.07, 29.07, | E52: 40-50 | F52: 20GP | G52: 4855 | H52: через порт nansha 6.Aug | I52: включено DTHC 450+ DOC 50+ REL 50; 14days free | K52: 0 | L52: 0 | M52: 0 | O52: =G52+K52+M52 -> 4855 | P52: =L52 -> 0
K53: 0 | L53: 0 | M53: 0 | O53: =G53+K53+M53 -> 0 | P53: =L53 -> 0
A54: DALIAN | B54: Санкт-Петербург, ПКТ | C54: FESCO | D54: 20.07, | E54: 40-50 | F54: 40HQ | G54: 5500 | H54: прямой через порт Rizhao | I54: включено DTHC 400,не включеноDoc 115; 14days free | K54: 0 | L54: 0 | M54: 115 | O54: =G54+K54+M54 -> 5615 | P54: =L54 -> 0
A55: DALIAN | B55: Новороссийск | C55: FESCO | D55: 5.08, | E55: 30-35 | F55: 40HQ | G55: 4600 | H55: прямой через порт Rizhao | I55: не включеноDTHC RUBS46250/49600+DDF USD155 20, 14days free | K55: 20 | L55: 49600 | M55: 115 | O55: =G55+K55+M55 -> 4735 | P55: =L55 -> 49600
A56: TIANJIN | B56: Санкт-Петербург, ПКТ | C56: NNS | D56: 20.07, | E56: 35-40 | F56: 40HQ | G56: 4610 | H56: прямой -Northern Sea | I56: включено DTHC 450+Doc 60; 14days free | K56: 0 | L56: 0 | M56: 0 | O56: =G56+K56+M56 -> 4610 | P56: =L56 -> 0
A57: TIANJIN | B57: Новороссийск | C57: FESCO | D57: 8.08, | E57: 30-35 | F57: 40HQ | G57: 4300 | H57: прямой через порт Rizhao | I57: не включеноDTHC RUBS46250/49600+DDF USD155 20, 14days free | K57: 20 | L57: 49600 | M57: 115 | O57: =G57+K57+M57 -> 4435 | P57: =L57 -> 49600
A58: RIZHAO | B58: Санкт-Петербург, ПКТ | C58: FESCO | D58: 27.07, | E58: 40-50 | F58: 40HQ | G58: 5300 | H58: прямой | I58: включено DTHC 400,не включеноDoc 115; 14days free | K58: 0 | L58: 0 | M58: 115 | O58: =G58+K58+M58 -> 5415 | P58: =L58 -> 0
A59: RIZHAO | B59: Новороссийск | C59: FESCO | D59: 10.08, | E59: 30-35 | F59: 40HQ | G59: 4300 | H59: прямой | I59: не включеноDTHC RUBS46250/49600+DDF USD155 20, 14days free | K59: 20 | L59: 49600 | M59: 115 | O59: =G59+K59+M59 -> 4435 | P59: =L59 -> 49600
A60: QINGDAO | B60: Санкт-Петербург, Петролеспорт | C60: OVP | D60: 19.07, | E60: 50-60 | F60: 40HQ | G60: 4550 | H60: через порт Alexandria | I60: включено DTHC 450,не включеноDoc 50+REL 50; 14days free | K60: 0 | L60: 0 | M60: 0 | O60: =G60+K60+M60 -> 4550 | P60: =L60 -> 0
A61: QINGDAO | B61: Санкт-Петербург, КТСП | C61: MOHILL | D61: 20.07, | E61: 40-50 | F61: 40HQ | G61: 4900 | H61: прямой | I61: включено DTHC 500+DOC 50+ REL 50,14days free | K61: 0 | L61: 0 | M61: 0 | O61: =G61+K61+M61 -> 4900 | P61: =L61 -> 0
A62: QINGDAO | B62: Санкт-Петербург, ПКТ | C62: FESCO | D62: 23.07, | E62: 40-50 | F62: 40HQ | G62: 5300 | H62: прямой | I62: включено DTHC 400,не включеноDoc 115; 14days free | K62: 0 | L62: 0 | M62: 115 | O62: =G62+K62+M62 -> 5415 | P62: =L62 -> 0
A63: QINGDAO | B63: Новороссийск | C63: OVP | D63: 19.07, | E63: 40-50 | F63: 40HQ | G63: 4005 | H63: через порт Alexandria | I63: не включеноDTHC RUB56000+Doc 50+REL 50; 14days free | K63: 50 | L63: 56000 | M63: 50 | O63: =G63+K63+M63 -> 4105 | P63: =L63 -> 56000
A64: QINGDAO | B64: Новороссийск | C64: FESCO | D64: 6.08, | E64: 30-35 | F64: 40HQ | G64: 4300 | H64: прямой | I64: не включеноDTHC RUBS46250/49600+DDF USD155 20, 14days free | K64: 20 | L64: 49600 | M64: 115 | O64: =G64+K64+M64 -> 4435 | P64: =L64 -> 49600
A65: QINGDAO | B65: Новороссийск | C65: ECCL | D65: 2.08, | E65: 40-50 | F65: 40HQ | G65: 4150 | H65: через порт ISTANBUL | I65: включено DTHC 550+DOC 50, не включеноREL USD70,14days free | K65: 0 | L65: 0 | M65: 70 | O65: =G65+K65+M65 -> 4220 | P65: =L65 -> 0
... A95: XIAMEN | B95: Новороссийск | C95: ECCL | D95: 21.07, 28.08, | E95: 40-50 | F95: 40HQ | G95: 4650 | H95: через порт Nansha 8.Aug | I95: включено DTHC 550+DOC 50, не включеноREL USD70,14days free | K95: 70 | L95: 0 | M95: 0 | O95: =G95+K95+M95 -> 4720 | P95: =L95 -> 0

Sheet Лист2
A1: Сервис | C1: тип тс/ктк | D1: город или провинция отправления | E1: граница/порт | F1: город или провинция доставки | G1: стоимость USD | H1: стоимость рублей | I1: СВХ | J1: стоимость СВХ | K1: стоимость терминальной обработки | L1: автовывоз | M1: стоимость охраны | N1: валидность | O1: транзитный срок | P1: даты выходов
A2: ММП | B2: FOB | C2: =Лист1!F7 -> 20GP | D2: =Лист1!A7 -> DALIAN | E2: =Лист1!B7 -> Санкт-Петербург, Петролеспорт | F2: =Лист1!B7 -> Санкт-Петербург, Петролеспорт | G2: =Лист1!O7+400 -> 4355 | H2: =Лист1!L7 -> 0 | N2: =Лист1!D7 -> 1.08, | O2: =Лист1!E7 -> 40-50 | P2: =Лист1!D7 -> 1.08,
A3: ММП | B3: FOB | C3: =Лист1!F8 -> 20GP | D3: =Лист1!A8 -> DALIAN | E3: =Лист1!B8 -> Санкт-Петербург, ПКТ | F3: =Лист1!B8 -> Санкт-Петербург, ПКТ | G3: =Лист1!O8+400 -> 4615 | H3: =Лист1!L8 -> 0 | N3: =Лист1!D8 -> 20.07, | O3: =Лист1!E8 -> 40-50 | P3: =Лист1!D8 -> 20.07,
A4: ММП | B4: FOB | C4: =Лист1!F9 -> 20GP | D4: =Лист1!A9 -> DALIAN | E4: =Лист1!B9 -> Новороссийск | F4: =Лист1!B9 -> Новороссийск | G4: =Лист1!O9+400 -> 3735 | H4: =Лист1!L9 -> 46250 | N4: =Лист1!D9 -> 5.08, | O4: =Лист1!E9 -> 30-35 | P4: =Лист1!D9 -> 5.08,
A5: ММП | B5: FOB | C5: =Лист1!F10 -> 20GP | D5: =Лист1!A10 -> TIANJIN | E5: =Лист1!B10 -> Санкт-Петербург, ПКТ | F5: =Лист1!B10 -> Санкт-Петербург, ПКТ | G5: =Лист1!O10+400 -> 4010 | H5: =Лист1!L10 -> 0 | N5: =Лист1!D10 -> 20.07, | O5: =Лист1!E10 -> 35-40 | P5: =Лист1!D10 -> 20.07,
A6: ММП | B6: FOB | C6: =Лист1!F11 -> 20GP | D6: =Лист1!A11 -> TIANJIN | E6: =Лист1!B11 -> Новороссийск | F6: =Лист1!B11 -> Новороссийск | G6: =Лист1!O11+400 -> 3435 | H6: =Лист1!L11 -> 46250 | N6: =Лист1!D11 -> 8.08, | O6: =Лист1!E11 -> 30-35 | P6: =Лист1!D11 -> 8.08,
A7: ММП | B7: FOB | C7: =Лист1!F12 -> 20GP | D7: =Лист1!A12 -> RIZHAO | E7: =Лист1!B12 -> Санкт-Петербург, ПКТ | F7: =Лист1!B12 -> Санкт-Петербург, ПКТ | G7: =Лист1!O12+400 -> 4415 | H7: =Лист1!L12 -> 0 | N7: =Лист1!D12 -> 27.07, | O7: =Лист1!E12 -> 40-50 | P7: =Лист1!D12 -> 27.07,
A8: ММП | B8: FOB | C8: =Лист1!F13 -> 20GP | D8: =Лист1!A13 -> RIZHAO | E8: =Лист1!B13 -> Новороссийск | F8: =Лист1!B13 -> Новороссийск | G8: =Лист1!O13+400 -> 3435 | H8: =Лист1!L13 -> 46250 | N8: =Лист1!D13 -> 10.08, | O8: =Лист1!E13 -> 30-35 | P8: =Лист1!D13 -> 10.08,
A9: ММП | B9: FOB | C9: =Лист1!F14 -> 20GP | D9: =Лист1!A14 -> QINGDAO | E9: =Лист1!B14 -> Санкт-Петербург, Петролеспорт | F9: =Лист1!B14 -> Санкт-Петербург, Петролеспорт | G9: =Лист1!O14+400 -> 4085 | H9: =Лист1!L14 -> 0 | N9: =Лист1!D14 -> 19.07, | O9: =Лист1!E14 -> 50-60 | P9: =Лист1!D14 -> 19.07,
A10: ММП | B10: FOB | C10: =Лист1!F15 -> 20GP | D10: =Лист1!A15 -> QINGDAO | E10: =Лист1!B15 -> Санкт-Петербург, КТСП | F10: =Лист1!B15 -> Санкт-Петербург, КТСП | G10: =Лист1!O15+400 -> 4300 | H10: =Лист1!L15 -> 0 | N10: =Лист1!D15 -> 20.07, | O10: =Лист1!E15 -> 40-50 | P10: =Лист1!D15 -> 20.07,
A11: ММП | B11: FOB | C11: =Лист1!F16 -> 20GP | D11: =Лист1!A16 -> QINGDAO | E11: =Лист1!B16 -> Санкт-Петербург, ПКТ | F11: =Лист1!B16 -> Санкт-Петербург, ПКТ | G11: =Лист1!O16+400 -> 4415 | H11: =Лист1!L16 -> 0 | N11: =Лист1!D16 -> 23.07, | O11: =Лист1!E16 -> 40-50 | P11: =Лист1!D16 -> 23.07,
A12: ММП | B12: FOB | C12: =Лист1!F17 -> 20GP | D12: =Лист1!A17 -> QINGDAO | E12: =Лист1!B17 -> Санкт-Петербург, Петролеспорт | F12: =Лист1!B17 -> Санкт-Петербург, Петролеспорт | G12: =Лист1!O17+400 -> 4155 | H12: =Лист1!L17 -> 0 | N12: =Лист1!D17 -> 30.07, | O12: =Лист1!E17 -> 40-50 | P12: =Лист1!D17 -> 30.07,
A13: ММП | B13: FOB | C13: =Лист1!F18 -> 20GP | D13: =Лист1!A18 -> QINGDAO | E13: =Лист1!B18 -> Новороссийск | F13: =Лист1!B18 -> Новороссийск | G13: =Лист1!O18+400 -> 3525 | H13: =Лист1!L18 -> 56000 | N13: =Лист1!D18 -> 19.07, | O13: =Лист1!E18 -> 40-50 | P13: =Лист1!D18 -> 19.07,
... A472: ММП | B472: FOB | C472: =Лист1!F477 -> 0 | D472: =Лист1!A477 -> 0 | E472: =Лист1!B477 -> 0 | F472: =Лист1!B477 -> 0 | G472: =Лист1!O477+400 -> 400 | H472: =Лист1!L477 -> 0 | N472: =Лист1!D477 -> 0 | O472: =Лист1!E477 -> 0 | P472: =Лист1!D477 -> 0
