Workbook

Sheet Инга
A1: Direct Railway | B1: Elektrougli | C1: Shushary | D1: Novosibirsk | E1: Ekaterinburg | F1: Rostov | G1: Krasnodar
B2: 40HQ | C2: 40HQ | D2: 40HQ | E2: 40HQ | F2: 40HQ | G2: 40HQ
A3: NINGBO rate | B3: 4250 | C3: 5650 | D3: 4750 | E3: 5150 | F3: 7050 | G3: 7150
A4: SHANGHAI rate | B4: 4250 | C4: 5350 | D4: 4450 | E4: 4850 | F4: 6850 | G4: 6950
A5: QINGDAO rate | B5: 4200 | C5: 5150 | D5: 4250 | E5: 4650 | F5: 6550 | G5: 6650
A6: TIANJIN rate | B6: 4300 | C6: 5350 | D6: 4450 | E6: 4850 | F6: 6750 | G6: 6850
A7: GUANGZHOU rate | B7: 4550 | C7: 5400 | D7: 4550 | E7: 4950 | F7: 6950 | G7: 7050
A8: Выходы поездов на стацнию
A9: Электроугли:
A10: 13.04, 15.04, 17.04, 19.04
A11: Выходы поездов на станции
A12: Шушары,Новосибирск,Екатеринбург,Ростов:
A13: 21.04, 29.04
A15: Электроугли | B15: 44690

Sheet для калькулятора
A1: Сервис | B1: Базис | C1: тип тс/ктк | D1: город или провинция отправления | E1: граница/порт | F1: город или провинция доставки | G1: стоимость USD | H1: стоимость рублей | I1: СВХ | J1: стоимость СВХ | K1: стоимость терминальной обработки | L1: автовывоз | M1: стоимость охраны | N1: валидность | O1: транзитный срок | P1: даты выходов
A2: жд | B2: FOB | C2: 40 HC | D2: =Инга!A3 -> NINGBO rate | E2: Алашенкоу | F2: Москва | G2: =Инга!B3*1.05 -> 4462.5 | I2: Электроугли | K2: =Инга!$B$15 -> 44690 | M2: - | N2: 45777 | O2: 18-20 | P2: =Инга!$A$10 -> 13.04, 15.04, 17.04, 19.04
A3: жд | B3: FOB | C3: 40 HC | D3: =Инга!A4 -> SHANGHAI rate | E3: Алашенкоу | F3: Москва | G3: =Инга!B4*1.05 -> 4462.5 | I3: Электроугли | K3: =Инга!$B$15 -> 44690 | M3: - | N3: 45777 | O3: =$O$2 -> 18-20 | P3: =Инга!$A$10 -> 13.04, 15.04, 17.04, 19.04
A4: жд | B4: FOB | C4: 40 HC | D4: =Инга!A5 -> QINGDAO rate | E4: Алашенкоу | F4: Москва | G4: =Инга!B5*1.05 -> 4410 | I4: Электроугли | K4: =Инга!$B$15 -> 44690 | M4: - | N4: 45777 | O4: =$O$2 -> 18-20 | P4: =Инга!$A$10 -> 13.04, 15.04, 17.04, 19.04
A5: жд | B5: FOB | C5: 40 HC | D5: =Инга!A6 -> TIANJIN rate | E5: Алашенкоу | F5: Москва | G5: =Инга!B6*1.05 -> 4515 | I5: Электроугли | K5: =Инга!$B$15 -> 44690 | M5: - | N5: 45777 | O5: =$O$2 -> 18-20 | P5: =Инга!$A$10 -> 13.04, 15.04, 17.04, 19.04
A6: жд | B6: FOB | C6: 40 HC | D6: =Инга!A7 -> GUANGZHOU rate | E6: Алашенкоу | F6: Москва | G6: =Инга!B7*1.05 -> 4777.5 | I6: Электроугли | K6: =Инга!$B$15 -> 44690 | M6: - | N6: 45777 | O6: =$O$2 -> 18-20 | P6: =Инга!$A$10 -> 13.04, 15.04, 17.04, 19.04
A7: жд | B7: FOB | C7: 40 HC | D7: =Инга!A3 -> NINGBO rate | E7: Алашенкоу | F7: Санкт-Петербург | G7: =Инга!C3*1.05 -> 5932.5 | I7: Шушары | M7: - | N7: 45777 | O7: 20-25 | P7: =Инга!$A$13 -> 21.04, 29.04
A8: жд | B8: FOB | C8: 40 HC | D8: =Инга!A4 -> SHANGHAI rate | E8: Алашенкоу | F8: Санкт-Петербург | G8: =Инга!C4*1.05 -> 5617.5 | I8: Шушары | M8: - | N8: 45777 | O8: =$O$7 -> 20-25 | P8: =Инга!$A$13 -> 21.04, 29.04
A9: жд | B9: FOB | C9: 40 HC | D9: =Инга!A5 -> QINGDAO rate | E9: Алашенкоу | F9: Санкт-Петербург | G9: =Инга!C5*1.05 -> 5407.5 | I9: Шушары | M9: - | N9: 45777 | O9: =$O$7 -> 20-25 | P9: =Инга!$A$13 -> 21.04, 29.04
A10: жд | B10: FOB | C10: 40 HC | D10: =Инга!A6 -> TIANJIN rate | E10: Алашенкоу | F10: Санкт-Петербург | G10: =Инга!C6*1.05 -> 5617.5 | I10: Шушары | M10: - | N10: 45777 | O10: =$O$7 -> 20-25 | P10: =Инга!$A$13 -> 21.04, 29.04
A11: жд | B11: FOB | C11: 40 HC | D11: =Инга!A7 -> GUANGZHOU rate | E11: Алашенкоу | F11: Санкт-Петербург | G11: =Инга!C7*1.05 -> 5670 | I11: Шушары | M11: - | N11: 45777 | O11: =$O$7 -> 20-25 | P11: =Инга!$A$13 -> 21.04, 29.04
A12: жд | B12: FOB | C12: 40 HC | D12: =Инга!A4 -> SHANGHAI rate | E12: Алашенкоу | F12: Новосибирск | G12: =Инга!D3*1.05 -> 4987.5 | I12: Клещиха | M12: - | N12: 45777 | O12: =$O$2 -> 18-20 | P12: =Инга!$A$13 -> 21.04, 29.04
A13: жд | B13: FOB | C13: 40 HC | D13: =Инга!A5 -> QINGDAO rate | E13: Алашенкоу | F13: Новосибирск | G13: =Инга!D4*1.05 -> 4672.5 | I13: Клещиха | M13: - | N13: 45777 | O13: 15-20 | P13: =Инга!$A$13 -> 21.04, 29.04
A14: жд | B14: FOB | C14: 40 HC | D14: =Инга!A6 -> TIANJIN rate | E14: Алашенкоу | F14: Новосибирск | G14: =Инга!D5*1.05 -> 4462.5 | I14: Клещиха | M14: - | N14: 45777 | O14: =$O$13 -> 15-20 | P14: =Инга!$A$13 -> 21.04, 29.04
A15: жд | B15: FOB | C15: 40 HC | D15: =Инга!A7 -> GUANGZHOU rate | E15: Алашенкоу | F15: Новосибирск | G15: =Инга!D6*1.05 -> 4672.5 | I15: Клещиха | M15: - | N15: 45777 | O15: =$O$13 -> 15-20 | P15: =Инга!$A$13 -> 21.04, 29.04
A16: жд | B16: FOB | C16: 40 HC | D16: =Инга!A3 -> NINGBO rate | E16: Алашенкоу | F16: Новосибирск | G16: =Инга!D7*1.05 -> 4777.5 | I16: Клещиха | M16: - | N16: 45777 | O16: =$O$13 -> 15-20 | P16: =Инга!$A$13 -> 21.04, 29.04
A17: жд | B17: FOB | C17: 40 HC | D17: =Инга!A3 -> NINGBO rate | E17: Алашенкоу | F17: Екатеринбург | G17: =Инга!E3*1.05 -> 5407.5 | I17: Екатеринбург-Товарный | M17: - | N17: 45777 | O17: =$O$13 -> 15-20 | P17: =Инга!$A$13 -> 21.04, 29.04
A18: жд | B18: FOB | C18: 40 HC | D18: =Инга!A4 -> SHANGHAI rate | E18: Алашенкоу | F18: Екатеринбург | G18: =Инга!E4*1.05 -> 5092.5 | I18: Екатеринбург-Товарный | M18: - | N18: 45777 | O18: =$O$13 -> 15-20 | P18: =Инга!$A$13 -> 21.04, 29.04
A19: жд | B19: FOB | C19: 40 HC | D19: =Инга!A5 -> QINGDAO rate | E19: Алашенкоу | F19: Екатеринбург | G19: =Инга!E5*1.05 -> 4882.5 | I19: Екатеринбург-Товарный | M19: - | N19: 45777 | O19: =$O$13 -> 15-20 | P19: =Инга!$A$13 -> 21.04, 29.04
A20: жд | B20: FOB | C20: 40 HC | D20: =Инга!A6 -> TIANJIN rate | E20: Алашенкоу | F20: Екатеринбург | G20: =Инга!E6*1.05 -> 5092.5 | I20: Екатеринбург-Товарный | M20: - | N20: 45777 | O20: =$O$13 -> 15-20 | P20: =Инга!$A$13 -> 21.04, 29.04
A21: жд | B21: FOB | C21: 40 HC | D21: =Инга!A7 -> GUANGZHOU rate | E21: Алашенкоу | F21: Екатеринбург | G21: =Инга!E7*1.05 -> 5197.5 | I21: Екатеринбург-Товарный | M21: - | N21: 45777 | O21: =$O$13 -> 15-20 | P21: =Инга!$A$13 -> 21.04, 29.04
A22: жд | B22: FOB | C22: 40 HC | D22: =Инга!A3 -> NINGBO rate | E22: Алашенкоу | F22: Ростов | G22: =Инга!F3*1.05 -> 7402.5 | I22: Ростов товарный | M22: - | N22: 45777 | O22: 23-25 | P22: =Инга!$A$13 -> 21.04, 29.04
A23: жд | B23: FOB | C23: 40 HC | D23: =Инга!A4 -> SHANGHAI rate | E23: Алашенкоу | F23: Ростов | G23: =Инга!F4*1.05 -> 7192.5 | I23: Ростов товарный | M23: - | N23: 45777 | O23: =$O$22 -> 23-25 | P23: =Инга!$A$13 -> 21.04, 29.04
A24: жд | B24: FOB | C24: 40 HC | D24: =Инга!A5 -> QINGDAO rate | E24: Алашенкоу | F24: Ростов | G24: =Инга!F5*1.05 -> 6877.5 | I24: Ростов товарный | M24: - | N24: 45777 | O24: =$O$22 -> 23-25 | P24: =Инга!$A$13 -> 21.04, 29.04
A25: жд | B25: FOB | C25: 40 HC | D25: =Инга!A6 -> TIANJIN rate | E25: Алашенкоу | F25: Ростов | G25: =Инга!F6*1.05 -> 7087.5 | I25: Ростов товарный | M25: - | N25: 45777 | O25: =$O$22 -> 23-25 | P25: =Инга!$A$13 -> 21.04, 29.04
A26: жд | B26: FOB | C26: 40 HC | D26: =Инга!A7 -> GUANGZHOU rate | E26: Алашенкоу | F26: Ростов | G26: =Инга!F7*1.05 -> 7297.5 | I26: Ростов товарный | M26: - | N26: 45777 | O26: =$O$22 -> 23-25 | P26: =Инга!$A$13 -> 21.04, 29.04
A27: жд | B27: FOB | C27: 40 HC | D27: =Инга!A3 -> NINGBO rate | E27: Алашенкоу | F27: Краснодар | G27: =Инга!G3*1.05 -> 7507.5 | I27: Краснодар-Сортировочный | M27: - | N27: 45777 | O27: =$O$22 -> 23-25 | P27: =Инга!$A$13 -> 21.04, 29.04
A28: жд | B28: FOB | C28: 40 HC | D28: =Инга!A4 -> SHANGHAI rate | E28: Алашенкоу | F28: Краснодар | G28: =Инга!G4*1.05 -> 7297.5 | I28: Краснодар-Сортировочный | M28: - | N28: 45777 | O28: =$O$22 -> 23-25 | P28: =Инга!$A$13 -> 21.04, 29.04
A29: жд | B29: FOB | C29: 40 HC | D29: =Инга!A5 -> QINGDAO rate | E29: Алашенкоу | F29: Краснодар | G29: =Инга!G5*1.05 -> 6982.5 | I29: Краснодар-Сортировочный | M29: - | N29: 45777 | O29: =$O$22 -> 23-25 | P29: =Инга!$A$13 -> 21.04, 29.04
A30: жд | B30: FOB | C30: 40 HC | D30: =Инга!A6 -> TIANJIN rate | E30: Алашенкоу | F30: Краснодар | G30: =Инга!G6*1.05 -> 7192.5 | I30: Краснодар-Сортировочный | M30: - | N30: 45777 | O30: =$O$22 -> 23-25 | P30: =Инга!$A$13 -> 21.04, 29.04
A31: жд | B31: FOB | C31: 40 HC | D31: =Инга!A7 -> GUANGZHOU rate | E31: Алашенкоу | F31: Краснодар | G31: =Инга!G7*1.05 -> 7402.5 | I31: Краснодар-Сортировочный | M31: - | N31: 45777 | O31: =$O$22 -> 23-25 | P31: =Инга!$A$13 -> 21.04, 29.04
