Workbook

Sheet Sea (FOB)
A1: Sea - China to VVO/VYP
A2: POL | B2: POD | C2: Carrier | D2: 20GP SOC | E2: 40HQ SOC | F2: 20GP COC | G2: 40HQ COC | H2: ETD | I2: Later shipping date (price needs to be recalculated)
A3: HONG KONG | B3: VLADIVISTOK COMMERCIAL/FISHERY | C3: SINOKOR | D3: 1550 | E3: 2500 | F3: 2850 | G3: 4500 | H3: 45763
A4: NANSHA | B4: Vrangel Bay (VOSTOCHNY) | C4: STF(CSTAR) | D4: 1075 | E4: 1200 | F4: 1825 | G4: 2550 | H4: 45770 | I4: 4.29
A5: NANSHA | B5: VLADIVISTOK COMMERCIAL/FISHERY | C5: SINOKOR | D5: 950 | E5: 1400 | F5: 1700 | G5: 2750 | H5: 45763 | I5: VIA HONG KONG
A6: NANSHA | B6: VLADIVISTOK COMMERCIAL | C6: FESCO | D6: 975 | E6: 1175 | F6: 1725 | G6: 2525 | H6: 45765
A7: SEHKOU | B7: VLADIVISTOK COMMERCIAL/FISHERY | C7: SINOKOR | D7: 850 | E7: 1150 | F7: 1600 | G7: 2550 | H7: 45764
A8: YANTIAN | B8: Vrangel Bay (VOSTOCHNY) | C8: STF(CSTAR) | D8: 1075 | E8: 1200 | F8: 1825 | G8: 2600 | H8: 45769 | I8: 4.28
A9: YANTIAN | B9: VLADIVISTOK COMMERCIAL | C9: FESCO | D9: 975 | E9: 1175 | F9: 1725 | G9: 2575 | H9: 45761
A10: XIAMEN | B10: Vrangel Bay (VOSTOCHNY) | C10: STF(CSTAR) | D10: 1075 | E10: 1200 | F10: 1825 | G10: 2800 | H10: 45772
A11: XIAMEN | B11: VLADIVISTOK COMMERCIAL/FISHERY | C11: HEUNG-A/SINOKOR | D11: 850 | E11: 1100 | F11: 1600 | G11: 2700 | H11: 45759 | I11: 4.18
A12: XIAMEN | B12: VLADIVISTOK COMMERCIAL | C12: FESCO | D12: 950 | E12: 1100 | F12: 1700 | G12: 2700 | H12: 45763
A13: SHANGHAI | B13: VLADIVISTOK COMMERCIAL/FISHERY | C13: HEUNG-A | D13: 680 | E13: 960 | F13: 1430 | G13: 2110 | H13: 45765
A14: SHANGHAI | B14: VLADIVISTOK COMMERCIAL/FISHERY | C14: SINOKOR | D14: 680 | E14: 960 | F14: 1430 | G14: 2110 | H14: 45765
A15: SHANGHAI | B15: VLADIVISTOK COMMERCIAL | C15: FESCO | D15: 850 | E15: 1000 | F15: 1600 | G15: 2150 | H15: 45761 | I15: 4.21
A16: SHANGHAI | B16: Vrangel Bay (VOSTOCHNY) | C16: STF(CSTAR) | D16: 940 | E16: 1115 | F16: 1690 | G16: 2265 | H16: 45762 | I16: 4.28
A17: SHANGHAI | B17: VLADIVISTOK COMMERCIAL/FISHERY | C17: SCO | D17: 750 | E17: 1000 | F17: 1500 | G17: 2150 | H17: 45760 | I17: 4.20
A18: SHANGHAI | B18: Vrangel Bay (VOSTOCHNY) | C18: PING AN | D18: 750 | E18: 900 | F18: 1500 | G18: 2050 | H18: 45762
A19: TAICANG | B19: Vrangel Bay (VOSTOCHNY) | C19: SWIFT LINE | D19: 650 | E19: 900 | F19: 1400 | G19: 2050 | H19: 45762
A20: NINGBO | B20: Vrangel Bay (VOSTOCHNY) | C20: STF(CSTAR) | D20: 925 | E20: 1100 | F20: 1675 | G20: 2400 | H20: 45770
A21: NINGBO | B21: VLADIVISTOK COMMERCIAL | C21: FESCO | D21: 900 | E21: 1150 | F21: 1650 | G21: 2450 | H21: 45765
A22: NINGBO | B22: VLADIVISTOK COMMERCIAL/FISHERY | C22: HEUNG-A | D22: 700 | E22: 950 | F22: 1450 | G22: 2250 | H22: 45763
A23: NINGBO | B23: VLADIVISTOK COMMERCIAL/FISHERY | C23: SINOKOR | D23: 700 | E23: 950 | F23: 1450 | G23: 2250 | H23: 45763
A24: NINGBO | B24: VLADIVISTOK COMMERCIAL | C24: GANG TONG | D24: 800 | E24: 975 | F24: 1550 | G24: 2275 | H24: 45766
A25: NINGBO | B25: Vrangel Bay (VOSTOCHNY) | C25: HUA XIN | D25: 700 | E25: 900 | F25: 1450 | G25: 2200 | H25: 45764
A26: NINGBO | B26: VLADIVISTOK FISH PORT | C26: HUA XIN | D26: 700 | E26: 900 | F26: 1450 | G26: 2200 | H26: 45764
A27: NINGBO | B27: Vrangel Bay (VOSTOCHNY) | C27: SWIFT LINE | D27: 650 | E27: 900 | F27: 1400 | G27: 2200 | H27: 45764
A28: RIZHAO | B28: Vrangel Bay (VOSTOCHNY) | C28: STF(CSTAR) | D28: 925 | E28: 1100 | F28: 1675 | G28: 2100 | H28: 45770
A29: RIZHAO | B29: Vrangel Bay (VOSTOCHNY) | C29: PING AN | D29: 750 | E29: 900 | F29: 1500 | G29: 1900 | H29: 45764
... A32: QINGDAO | B32: Vrangel Bay (VOSTOCHNY) | C32: YOU LIAN | D32: 600 | E32: 750 | F32: 1350 | G32: 1750 | H32: 45761
A33: QINGDAO | B33: Vrangel Bay (VOSTOCHNY) | C33: SWIFT LINE | D33: 750 | E33: 1050 | F33: 1500 | G33: 2050 | H33: 45766 | I33: via RIZHAO
A34: QINGDAO | B34: VLADIVISTOK COMMERCIAL | C34: GANG TONG | D34: 800 | E34: 975 | F34: 1550 | G34: 1975 | H34: 45763
A35: QINGDAO | B35: Vrangel Bay (VOSTOCHNY) | C35: GANG TONG | D35: 800 | E35: 975 | F35: 1550 | G35: 1975 | H35: 45775
A36: QINGDAO | B36: Vrangel Bay (VOSTOCHNY) | C36: HUA XIN | D36: 700 | E36: 900 | F36: 1450 | G36: 1900 | H36: 45396
A37: QINGDAO | B37: VLADIVISTOK FISH PORT/SOLLER | C37: HUA XIN | D37: 700 | E37: 900 | F37: 1450 | G37: 1900 | H37: 45396
A38: QINGDAO | B38: VLADIVISTOK COMMERCIAL | C38: CAREN | D38: 830 | E38: 1080 | F38: 1580 | G38: 2080 | H38: 45760
A39: QINGDAO | B39: VLADIVISTOK COMMERCIAL/FISHERY | C39: SCO | D39: 750 | E39: 1000 | F39: 1500 | G39: 2000 | H39: 45762 | I39: 4.22
A40: TIANJIN | B40: Vrangel Bay (VOSTOCHNY) | C40: SWIFT LINE | D40: 650 | E40: 900 | F40: 1400 | G40: 1950 | H40: 45769
A41: TIANJIN | B41: VLADIVISTOK COMMERCIAL/FISHERY | C41: SINOKOR | D41: 850 | E41: 1100 | F41: 1600 | G41: 2150 | H41: 45764 | I41: 4.20
A42: TIANJIN | B42: Vrangel Bay (VOSTOCHNY) | C42: PING AN | D42: 750 | E42: 900 | F42: 1500 | G42: 1950 | H42: 45768
A43: TIANJIN | B43: Vrangel Bay (VOSTOCHNY) | C43: STF(CSTAR) | D43: 925 | E43: 1100 | F43: 1675 | G43: 2150 | H43: 45773
A44: TIANJIN | B44: VLADIVISTOK COMMERCIAL | C44: FESCO | D44: 850 | E44: 1000 | F44: 1600 | G44: 2050 | H44: 45764 | I44: 4.25
A45: TIANJIN | B45: Vrangel Bay (VOSTOCHNY) | C45: GANG TONG | D45: 800 | E45: 975 | F45: 1550 | G45: 2025 | H45: 45777
A46: DALIAN | B46: Vrangel Bay (VOSTOCHNY) | C46: STF(CSTAR) | D46: 925 | E46: 1100 | F46: 1775 | G46: 2150 | H46: 45771
A47: DALIAN | B47: VLADIVISTOK COMMERCIAL/FISHERY | C47: SINOKOR | D47: 950 | E47: 1200 | F47: 1800 | G47: 2250 | H47: 45765 | I47: 4.21
A48: DALIAN | B48: VLADIVISTOK COMMERCIAL | C48: FESCO | D48: 875 | E48: 1050 | F48: 1725 | G48: 2100 | H48: 45766 | I48: 4.26
A49: Remark: | B49: FOB terms 1. All prices above include DTHC DDF 2. SOC bare cargo space is pure freight without boxes 3. COC includes boxes, no charge for returning to Moscow, please inquire for returning to other locations 4. 20GP empty drop off to Moscow/Yekaterinburg/Vladivostok is free
A51: PS： | B51: If you have any inquiry or actual order, please verify with me again~~
A54: Sea - China to STP
A55: POL | B55: POD | C55: Carrier | D55: FILO 20GP (USD) SOC | E55: FILO 40HQ (USD) SOC | F55: FILO 20GP (USD) COC | G55: FILO 40HQ (USD) COC | H55: ETD | I55: Later shipping date (price needs to be recalculated)
A56: QINGDAO | B56: St.PETERSBURG(PLP) | C56: SAFETRANS | D56: - | E56: - | F56: 3755 | G56: 5255 | H56: 45763
A57: QINGDAO | B57: St.PETERSBURG(PLP) | C57: MODUL | D57: 3650 | E57: 5050 | F57: 3850 | G57: 5350 | H57: 45762
A58: QINGDAO | B58: St.PETERSBURG(FCT) | C58: FESCO | D58: - | E58: - | F58: 3450 | G58: 5200 | H58: 45773 | I58: VIA RIZHAO
A59: RIZHAO | B59: St.PETERSBURG(FCT) | C59: NNS/JUNAN | D59: 3460 | E59: 4060 | F59: 3960 | G59: 5410 | H59: 45771 | I59: VIA NANSHA
A60: RIZHAO | B60: St.PETERSBURG(FCT) | C60: FESCO | D60: - | E60: - | F60: 3450 | G60: 5200 | H60: 45773
A61: SHANGHAI | B61: St.PETERSBURG(PLP) | C61: SAFETRANS | D61: - | E61: - | F61: 3755 | G61: 5255 | H61: 45766
A62: SHANGHAI | B62: St.PETERSBURG(PLP) | C62: MODUL | D62: 3650 | E62: 5050 | F62: 3850 | G62: 5350 | H62: 45765
A63: SHANGHAI | B63: St.PETERSBURG(Bronka) | C63: NNS/JUNAN | D63: 3460 | E63: 4060 | F63: 3960 | G63: 5410 | H63: 45781
A64: SHANGHAI | B64: St.PETERSBURG(FCT) | C64: FESCO | D64: - | E64: - | F64: 3850 | G64: 5300 | H64: 45769 | I64: 5.1
A65: NINGBO | B65: St.PETERSBURG(CTSP) | C65: MOHILL | D65: - | E65: - | F65: 3950 | G65: 5400 | H65: 45761
A66: NINGBO | B66: St.PETERSBURG(FCT) | C66: FESCO | D66: - | E66: - | F66: 3850 | G66: 5450 | H66: 45767
A67: NANSHA | B67: St.PETERSBURG(PLP) | C67: SAFETRANS | D67: - | E67: - | F67: 3755 | G67: 5255 | H67: 45769
A68: NANSHA | B68: St.PETERSBURG(CTSP) | C68: MOHILL | D68: - | E68: - | F68: 3950 | G68: 5400 | H68: 45764
A69: NANSHA | B69: St.PETERSBURG(PLP) | C69: MODUL | D69: 3650 | E69: 5050 | F69: 3850 | G69: 5350 | H69: 45768
A70: NANSHA | B70: St.PETERSBURG(FCT) | C70: CSTAR（VIA Evyap） | D70: 3480 | E70: 4900 | F70: 3725 | G70: 5500 | H70: 45761
A71: NANSHA | B71: St.PETERSBURG(Bronka) | C71: NNS/JUNAN | D71: 3460 | E71: 4060 | F71: 3960 | G71: 5410 | H71: 45785
A72: NANSHA | B72: St.PETERSBURG | C72: REEL SHIPPING | F72: 4400 | G72: 6050 | H72: 45763 | I72: VIA Nhava Sheva
A73: YANTIAN | B73: St.PETERSBURG(FCT) | C73: FESCO | D73: - | E73: - | F73: 3550 | G73: 5300 | H73: 45761 | I73: 4.23
A74: TIANJIN | B74: St.PETERSBURG(FCT) | C74: NNS/JUNAN | D74: 3660 | E74: 4260 | F74: 4160 | G74: 5610 | H74: 45768 | I74: VIA NANSHA
A75: TIANJIN | B75: St.PETERSBURG | C75: REEL SHIPPING | D75: - | E75: - | F75: 4150 | G75: 5950 | H75: 45764 | I75: VIA INNSA
A76: TIANJIN | B76: St.PETERSBURG(FCT) | C76: FESCO | D76: - | E76: - | F76: 3950 | G76: 5850 | H76: 45764 | I76: VIA RIZHAO
A77: DALIAN | B77: St.PETERSBURG(FCT) | C77: CSTAR（VIA Evyap） | I77: VIA QINGDAO
A78: Remark: | B78: 1. All prices above include DTHC DDF 2. SOC is pure freight without box 3. COC includes shipping company box, free of cntr for 14 days at port 4. FESCO, DDF: USD115 needs to be paid on delivery, the table already includes
A82: NOVOROSSIYSK Price
A83: Carrier | B83: POL | C83: COC RATE | D83: FREE TIME | E83: ETD | F83: VIA | G83: T/T | H83: Remark
A84: AKKON | B84: QINGDAO | C84: 3300/4800 | D84: 14 | E84: 4.20 | F84: GEMLIK | G84: 48 | H84: the max for 20'GP is:23TON Overweight charge+USD100
A85: AKKON | B85: TAICANG | C85: 3300/4800 | D85: 14 | E85: 4.23 | F85: GEMLIK | G85: 48
A86: AKKON | B86: NINGBO | C86: 3300/4800 | D86: 14 | E86: 4.25 | F86: GEMLIK | G86: 48
A87: AKKON | B87: NANSHA | C87: 3300/4800 | D87: 14 | E87: 4.28 | F87: GEMLIK | G87: 48
A88: Cstar | B88: QINGDAO | C88: 3225/4650 | D88: 14 | E88: 4.21 | F88: lzmit | G88: 55-65 | H88: No need for OWS, the max for 20'GP is: 27 tons
A89: Cstar | B89: SHANGHAI | C89: 3225/4650 | D89: 14 | E89: 4.23 | F89: lzmit | G89: 55-65
A90: Cstar | B90: NANSHA | C90: 3225/4650 | D90: 14 | E90: 4.27 | F90: lzmit | G90: 55-65
A91: UGL | B91: QINGDAO | C91: 3050/4500 | D91: 14 | E91: 4.21 | F91: lzmit | G91: 50-60 | H91: No need for OWS, the max for 20'GP is: 27 tons
A92: UGL | B92: SHANGHAI | C92: 3050/4500 | D92: 14 | E92: 4.23 | F92: lzmit | G92: 50-60
A93: UGL | B93: NANSHA | C93: 3050/4500 | D93: 14 | E93: 4.27 | F93: lzmit | G93: 50-60
A94: Safetrans | B94: Singapore | C94: 4400/7100 | D94: 14 | E94: 2025.4.15-4.30 | F94: PKL and DEKHEILA | G94: 60-65 | H94: No need for OWS, the max for 20'GP is: 27 tons
A95: Safetrans | B95: Port Klang | C95: 3600/5500 | D95: 14 | E95: TUE | F95: DEKHEILA | G95: 60-65
A96: Safetrans | B96: Penang | C96: 3750/5800 | D96: 14 | E96: TUE | F96: PKL and DEKHEILA | G96: 60-65
A97: Safetrans | B97: Pasir Gudang | C97: 3850/6000 | D97: 14 | E97: TUE | F97: PKL and DEKHEILA | G97: 60-65
A98: Safetrans | B98: Ho Chi Minh | C98: 3600/5500 | D98: 14 | E98: MON/TUE | F98: PKL and DEKHEILA | G98: 60-65
A99: Safetrans | B99: Haiphong | C99: 3700/5700 | D99: 14 | E99: SAT/SUN | F99: PKL and DEKHEILA | G99: 60-65
A100: Safetrans | B100: Laem Chabang | C100: 3700/5700 | D100: 14 | E100: TUE/WED | F100: PKL and DEKHEILA | G100: 60-65
A101: Safetrans | B101: Jakarta | C101: 3800/5900 | D101: 14 | E101: WED/THU | F101: PKL and DEKHEILA | G101: 60-65
A102: Safetrans | B102: Surabaya/Semarang | C102: 3800/5900 | D102: 14 | E102: TUE/FRI | F102: PKL and DEKHEILA | G102: 60-65
A104: 1. Above rate based on FOB term, does not include the DTHC in Novorossiysk
A105: 2. DTHC charge: AKKON: USD472/520, SAFETRANS: USD550/550 ,SINOKOR: USD550/650,UGL: DTHC520/550, ALINE:USD650+RLSUSD50,CSTAR:USD500/500
A106: 3. Empty return to Novorossiysk for free, if need to return to other Russia city, check case by case.

Sheet Rail (EXW)
A1: Departure city | B1: Route | C1: Destination | D1: EXW Term Rate(USD/40HQ) | E1: ETD | F1: Remark
A2: Shanghai/Suzhou | B2: Zhengzhou station - Elian border - Moscow Elektrougli | C2: Moscow | D2: 4850 | E2: 4.16/4.25/4.30 | G2: Erlian | H2: Elektrougli
A3: Ningbo/Cixi | C3: Moscow | D3: 5050 | E3: =$E$2 -> 4.16/4.25/4.30 | G3: Erlian | H3: Elektrougli
A4: Qingdao/Linyi | C4: Moscow | D4: 4750 | E4: =$E$2 -> 4.16/4.25/4.30 | G4: Erlian | H4: Elektrougli
A5: Tianjin/Cangzhou | C5: Moscow | D5: 5450 | E5: =$E$2 -> 4.16/4.25/4.30 | G5: Erlian | H5: Elektrougli
A6: Luoyang/Jiaozuo | C6: Moscow | D6: 4400 | E6: =$E$2 -> 4.16/4.25/4.30 | G6: Erlian | H6: Elektrougli
A7: Xiamen | C7: Moscow | D7: 5700 | E7: =$E$2 -> 4.16/4.25/4.30 | G7: Erlian | H7: Elektrougli
A8: Guangzhou | C8: Moscow | D8: 5550 | E8: =$E$2 -> 4.16/4.25/4.30 | G8: Erlian | H8: Elektrougli
A9: Shenzhen | C9: Moscow | D9: 5500 | E9: =$E$2 -> 4.16/4.25/4.30 | G9: Erlian | H9: Elektrougli
A10: Zhongshan | C10: Moscow | D10: 5600 | E10: =$E$2 -> 4.16/4.25/4.30 | G10: Erlian | H10: Elektrougli
A12: Shijiazhuang/Hengshui/Tianjin | B12: Shijiazhuang station - Elian border - Moscow Elektrougli | C12: Moscow | D12: 4650 | E12: 4.25/4.29 | G12: Erlian | H12: Elektrougli
A13: Beijing | C13: Moscow | D13: 4800 | E13: 4.25/4.29 | G13: Erlian | H13: Elektrougli
A14: Jianan/Qingdao | C14: Moscow | D14: 4850 | E14: 4.25/4.29 | G14: Erlian | H14: Elektrougli
A15: Tengzhou | C15: Moscow | D15: 5000 | E15: 4.25/4.29 | G15: Erlian | H15: Elektrougli
A17: Shanghai/Suzhou/Changzhou/Zhenjiang/Nantong | B17: Xuzhou station - Khorgos border - Manzhouli border - Moscow | C17: Moscow | D17: 5280 | E17: 45773 | G17: Khorgos | H17: Elektrougli
A18: Tianjin | C18: Moscow | D18: 5230 | E18: 45773 | G18: Khorgos | H18: Elektrougli
A19: Qingdao | C19: Moscow | D19: 5150 | E19: 45773 | G19: Khorgos | H19: Elektrougli
A21: Tianjin/Binhai | B21: Tianjin station - Elian border - Moscow Bely rast | C21: Moscow | D21: 4250 | E21: 4.17/4.24 | G21: Erlian | H21: Bely rast
A22: Qingdao/Shouguang/Zibo/Weifang | C22: Moscow | D22: 4550 | E22: 4.17/4.24 | G22: Erlian | H22: Bely rast
A23: Langfang/Cangzhou | C23: Moscow | D23: 4350 | E23: 4.17/4.24 | G23: Erlian | H23: Bely rast
A24: Tangshan | C24: Moscow | D24: 4350 | E24: 4.17/4.24 | G24: Erlian | H24: Bely rast
A25: Beijing/Shunyi/Tongzhou | C25: Moscow | D25: 4450 | E25: 4.17/4.24 | G25: Erlian | H25: Bely rast
A26: Shanghai/Suzhou | C26: Moscow | D26: 4900 | E26: 4.17/4.24 | G26: Erlian | H26: Bely rast
A27: Ningbo | C27: Moscow | D27: 5050 | E27: 4.17/4.24 | G27: Erlian | H27: Bely rast
A28: Xingtai | C28: Moscow | D28: 4400 | E28: 4.17/4.24 | G28: Erlian | H28: Bely rast
A29: Jinan/Shouguang | C29: Moscow | D29: 4550 | E29: 4.17/4.24 | G29: Erlian | H29: Bely rast
A31: Chongqing | B31: Chongqing station - Alashankou/Khorgos border - Moscow Elektrougli/Selyatino | C31: Moscow | D31: 3600 | E31: 4.16/4.19/4.23/4.26 | F31: Complete loading 11 days before ETD | G31: {=K111:K112} -> #VALUE! | H31: =M111 -> Elektrougli/Selyatino
A32: Chengdu | C32: Moscow | D32: 3750 | E32: =$E$31 -> 4.16/4.19/4.23/4.26 | G32: {=K112:K113} -> #VALUE! | H32: =M112 -> Shushary
A33: Guangzhou | C33: Moscow | D33: 4600 | E33: =$E$31 -> 4.16/4.19/4.23/4.26 | G33: {=K113:K114} -> #VALUE! | H33: =M113 -> Selyatino
A34: Shenzhen/Jiangmen/Qingyuan | C34: Moscow | D34: 4700 | E34: =$E$31 -> 4.16/4.19/4.23/4.26 | G34: {=K114:K115} -> #VALUE! | H34: =M114 -> Kolyadichi
A35: Foshan/Shunde/Zhongshan | C35: Moscow | D35: 4650 | E35: =$E$31 -> 4.16/4.19/4.23/4.26 | G35: {=K115:K116} -> #VALUE! | H35: =M115 -> Yekaterinburg
A36: Huizhou/Zhaoqing/Zhuhai/Yunfu | C36: Moscow | D36: 4750 | E36: =$E$31 -> 4.16/4.19/4.23/4.26 | G36: {=K116:K117} -> #VALUE! | H36: =M116 -> Novosibirsk
A37: Shantou/Chaozhou | C37: Moscow | D37: 5050 | E37: =$E$31 -> 4.16/4.19/4.23/4.26 | G37: {=L61:L62} -> 0 | H37: =M117 -> Moscow
G38: 0
A39: Chengdu | B39: Chengdu station - Manzhouli border - Moscow Elektrougli Chengdu station - Elian border - Moscow Elektrougli | C39: Moscow | D39: 3550 | E39: 4.18/4.21/4.25/4.29 | F39: Complete loading 10 days before ETD | G39: Erlian | H39: Elektrougli
A40: Chongqing | C40: Moscow | D40: 4050 | E40: =$E$39 -> 4.18/4.21/4.25/4.29 | G40: Erlian | H40: Elektrougli
A41: Tianjin | C41: Moscow | D41: 5750 | E41: =$E$39 -> 4.18/4.21/4.25/4.29 | G41: Erlian | H41: Elektrougli
A42: Qingdao | C42: Moscow | D42: 5000 | E42: =$E$39 -> 4.18/4.21/4.25/4.29 | G42: Erlian | H42: Elektrougli
A43: Shanghai | C43: Moscow | D43: 5050 | E43: =$E$39 -> 4.18/4.21/4.25/4.29 | G43: Erlian | H43: Elektrougli
A44: Ningbo | C44: Moscow | D44: 5200 | E44: =$E$39 -> 4.18/4.21/4.25/4.29 | G44: Erlian | H44: Elektrougli
A45: Guangzhou | C45: Moscow | D45: 5000 | E45: =$E$39 -> 4.18/4.21/4.25/4.29 | G45: Erlian | H45: Elektrougli
A46: Shenzhen | C46: Moscow | D46: 5000 | E46: =$E$39 -> 4.18/4.21/4.25/4.29 | G46: Erlian | H46: Elektrougli
A47: Foshan/Shunde/Dongguan/Zhongshan | C47: Moscow | D47: 5050 | E47: =$E$39 -> 4.18/4.21/4.25/4.29 | G47: Erlian | H47: Elektrougli
A48: Jiangmen/Qingguan/Huizhou/Zhuhai | C48: Moscow | D48: 5100 | E48: =$E$39 -> 4.18/4.21/4.25/4.29 | G48: Erlian | H48: Elektrougli
A49: Shantou/Chaozhou | C49: Moscow | D49: 5450 | E49: =$E$39 -> 4.18/4.21/4.25/4.29 | G49: Erlian | H49: Elektrougli
A50: Xiamen/Quanzhou | C50: Moscow | D50: 5300 | E50: =$E$39 -> 4.18/4.21/4.25/4.29
A52: Guangzhou | B52: Datian station - Elian border - Moscow Selyatino Zengcheng station - Khorgos border - Moscow Elektrougli | C52: Moscow | D52: 4700 | E52: 4.13/4.16/4.20/4.23/4.26/4.30 | G52: Erlian | H52: Selyatino
A53: Shenzhen/Dongguan/Zhongshan/Foshan | C53: Moscow | D53: 4750 | E53: 4.13/4.16/4.20/4.23/4.26/4.30 | G53: Erlian | H53: Selyatino
A54: Qingyuan/Zhaoqing | C54: Moscow | D54: 4800 | E54: 4.13/4.16/4.20/4.23/4.26/4.30 | G54: Erlian | H54: Selyatino
A55: Huizhou | C55: Moscow | D55: 4800 | E55: 4.13/4.16/4.20/4.23/4.26/4.30 | G55: Erlian | H55: Selyatino
A56: Shantou/Chaozhou/Jieyang | C56: Moscow | D56: 5150 | E56: 4.13/4.16/4.20/4.23/4.26/4.30 | G56: Erlian | H56: Selyatino
A58: Dalian | B58: Shenyang station- Manzhouli border - Moscow Bely rast | C58: Moscow | D58: 5100 | E58: 4.15/4.20/4.23/4.28 | G58: Manzhouli | H58: Bely rast
A59: Shenyang | C59: Moscow | D59: 4850 | E59: 4.15/4.20/4.23/4.28 | G59: Manzhouli | H59: Bely rast
A61: Shanghai | B61: Jinhua station - Manzhouli border - Moscow Selyatino | C61: Moscow | D61: 5200 | E61: Late April | G61: Manzhouli | H61: Selyatino
A62: Ningbo | C62: Moscow | D62: 5300 | E62: Late April | G62: Manzhouli | H62: Selyatino
A64: Shanghai/Suzhou/Cangzhou/Nanjing | B64: Xian station- Khorgos border - Moscow Elektrougli | C64: Moscow | D64: 4900 | E64: 4.12/4.13/4.15/4.23 | G64: Khorgos | H64: Elektrougli
A65: Ningbo/Shaoxing/Hangzhou | C65: Moscow | D65: 4950 | E65: =$E$64 -> 4.12/4.13/4.15/4.23 | G65: Khorgos | H65: Elektrougli
A66: Jinhua/Wuyi/Yiwu/Yongkang | C66: Moscow | D66: 5000 | E66: =$E$64 -> 4.12/4.13/4.15/4.23 | G66: Khorgos | H66: Elektrougli
A67: Taizhou | C67: Moscow | D67: 5150 | E67: =$E$64 -> 4.12/4.13/4.15/4.23 | G67: Khorgos | H67: Elektrougli
A68: Wenzhou | C68: Moscow | D68: 5200 | E68: =$E$64 -> 4.12/4.13/4.15/4.23 | G68: Khorgos | H68: Elektrougli
A69: Qingdao/Linyi/Weifang/Shouguang | C69: Moscow | D69: 4650 | E69: =$E$64 -> 4.12/4.13/4.15/4.23 | G69: Khorgos | H69: Elektrougli
A70: Tianjin/Cangzhou/Jinan | C70: Moscow | D70: 4700 | E70: =$E$64 -> 4.12/4.13/4.15/4.23 | G70: Khorgos | H70: Elektrougli
A71: Xian | C71: Moscow | D71: 3850 | E71: =$E$64 -> 4.12/4.13/4.15/4.23 | G71: Khorgos | H71: Elektrougli
A72: Zhengzhou | C72: Moscow | D72: 4350 | E72: =$E$64 -> 4.12/4.13/4.15/4.23 | G72: Khorgos | H72: Elektrougli
A74: Chengdu | B74: Chengdu station - Alashankou/Khorgos border - St.peterburg Shushary V | C74: St. Peterburg | D74: 3500 | E74: 45766 | G74: Alashankou/Khorgos | H74: Shushary
A75: Chongqing | C75: St. Peterburg | D75: 4060 | E75: 45766 | G75: Alashankou/Khorgos | H75: Shushary
A76: Shanghai/Suzhou | C76: St. Peterburg | D76: 4600 | E76: 45766 | G76: Alashankou/Khorgos | H76: Shushary
A77: Ningbo/Jiaxing | C77: St. Peterburg | D77: 4800 | E77: 45766 | G77: Alashankou/Khorgos | H77: Shushary
A78: Xiamen | C78: St. Peterburg | D78: 5000 | E78: 45766 | G78: Alashankou/Khorgos | H78: Shushary
A79: Wuxi | C79: St. Peterburg | D79: 4650 | E79: 45766 | G79: Alashankou/Khorgos | H79: Shushary
A80: Heze | C80: St. Peterburg | D80: 4850 | E80: 45766 | G80: Alashankou/Khorgos | H80: Shushary
A81: Guangzhou | C81: St. Peterburg | D81: 4800 | E81: 45766 | G81: Alashankou/Khorgos | H81: Shushary
A82: Shenzhen/Zhongshan/Dongguan | C82: St. Peterburg | D82: 4850 | E82: 45766 | G82: Alashankou/Khorgos | H82: Shushary
A83: Shantou/Chaozhou/Jieyang | D83: 5300 | E83: 45766 | G83: Alashankou/Khorgos | H83: Shushary
A85: Tianjin | B85: Xian station - Khorgos border-St.peterburg Shushary | C85: St. Peterburg | D85: 5550 | E85: 45766 | G85: Khorgos | H85: Shushary
A86: Qingdao | C86: St. Peterburg | D86: 5500 | E86: 45766 | G86: Khorgos | H86: Shushary
A87: Xiamen | C87: St. Peterburg | D87: 6050 | E87: 45766 | G87: Khorgos | H87: Shushary
A89: Shanghai/Suzhou/Changzhou/Zhenjiang/Nantong | B89: Xuzhou station - Manzhouli border-St.peterburg Shushary L | C89: St. Peterburg | D89: 5430 | E89: 45773 | G89: Manzhouli | H89: Shushary
A90: Tianjin | C90: St. Peterburg | D90: 5400 | E90: 45773 | G90: Manzhouli | H90: Shushary
A91: Qingdao | C91: St. Peterburg | D91: 5300 | E91: 45773 | G91: Manzhouli | H91: Shushary
A93: Chongqing | B93: Chongqing station - Manzhouli border-St.peterburg Shushary | C93: St. Peterburg | D93: 4300 | E93: 45775 | G93: Manzhouli | H93: Shushary
A94: Dongguan | C94: St. Peterburg | D94: 5000 | E94: =$E$93 -> 45775 | G94: Manzhouli | H94: Shushary
A95: Zhuhai | C95: St. Peterburg | D95: 5100 | E95: =$E$93 -> 45775 | G95: Manzhouli | H95: Shushary
A96: Shenzhen/Jiangmen/Zhongshan | C96: St. Peterburg | D96: 5050 | E96: =$E$93 -> 45775 | G96: Manzhouli | H96: Shushary
A97: Guangzhou | C97: St. Peterburg | D97: 4950 | E97: =$E$93 -> 45775 | G97: Manzhouli | H97: Shushary
A98: Foshan | C98: St. Peterburg | D98: 5000 | E98: =$E$93 -> 45775 | G98: Manzhouli | H98: Shushary
A99: Shanghai | C99: St. Peterburg | D99: 5150 | E99: =$E$93 -> 45775 | G99: Manzhouli | H99: Shushary
A100: Jiaxing | C100: St. Peterburg | D100: 5200 | E100: =$E$93 -> 45775 | G100: Manzhouli | H100: Shushary
A101: Ningbo | C101: St. Peterburg | D101: 5650
A103: Ningbo | B103: Jinhua station - Manzhouli border - St.peterburg Shushary | C103: St. Peterburg | D103: 5600 | E103: Mid to late April | G103: Manzhouli | H103: Shushary
A104: Shaoxing | C104: St. Peterburg | D104: 5600 | E104: Mid to late April | G104: Manzhouli | H104: Shushary
A105: Hangzhou | C105: St. Peterburg | D105: 5600 | E105: Mid to late April | G105: Manzhouli | H105: Shushary
A107: Shanghai | B107: Suzhou station - Manzhouli border - St.peterburg Shushary | C107: St. Peterburg | D107: 5550 | E107: 4.16/4.19/4.23/4.26 | G107: Manzhouli | H107: Shushary
A108: Ningbo | C108: St. Peterburg | D108: 5550 | E108: 4.16/4.19/4.23/4.26 | G108: Manzhouli | H108: Shushary
A109: Suzhou | C109: St. Peterburg | D109: 5550 | E109: 4.16/4.19/4.23/4.26 | G109: Manzhouli | H109: Shushary | K109: Manzhouli | M109: Elektrougli
A110: Guangzhou | B110: Zengcheng station - Khorgos border - St.peterburg Shushary | C110: St. Peterburg | D110: 5300 | E110: 4.18/4.28 | G110: Manzhouli | H110: Shushary | K110: Erlian | M110: Bely rast
A111: Shenzhen/Foshan/Donggguan/Zhongshan | C111: St. Peterburg | D111: 5350 | E111: 4.18/4.28 | G111: Manzhouli | H111: Shushary | K111: Alashankou/Khorgos | M111: Elektrougli/Selyatino
A112: Shantou/Chaozou | C112: St. Peterburg | D112: 5750 | E112: 4.18/4.28 | G112: Manzhouli | H112: Shushary | K112: Khorgos | M112: Shushary
M113: Selyatino
A114: Chongqing | B114: Chongqing station - Manzhouli border - Yekaterinburg | C114: Yekaterinburg | D114: 3900 | E114: 28-Apr | G114: Manzhouli | H114: Yekaterinburg | M114: Kolyadichi
...

Sheet Truck
A1: RATES FOR TRUCKING SERVICE FROM CHINA TO Russia/Belarus
A2: Type of goods:Carton cargo, general cargo, palletised cargo, equipment cargo
A3: Available truck Type：Box truck（82CBM,22TONS）/Tilt truck（82CBM,22TONS）
B4: Unloading City | E4: CN BORDER:Alashankou(USD) Truck Type： Box truck（82CBM,22TONS） Tilt truck（82CBM,22TONS） | F4: TRANSIT TIME (DAYS) | G4: VIA PORT
A5: 深圳/广州 Shenzhen/Guangzhou | B5: RUS | C5: Moscow（Москва） | D5: 莫斯科 | E5: 10100 | F5: 18-20 | G5: Erenhot | H5: Shenzhen/Guangzhou
B6: RUS | C6: St. Petersburg（Санкт-Петербург） | D6: 圣彼得堡 | E6: 10400 | F6: 18-22 | H6: Shenzhen/Guangzhou
B7: RUS | C7: Novosibirsk（Новосибирск） | D7: 新西伯利亚 | E7: 8500 | F7: 18-20 | H7: Shenzhen/Guangzhou
B8: BY | C8: Minsk（Минск） | D8: 明斯克 | E8: 10800 | F8: 18-22 | H8: Shenzhen/Guangzhou
B9: RUS | C9: Chelyabinsk（Челябинск） | D9: 车里雅宾斯克 | E9: 9000 | F9: 18-20 | H9: Shenzhen/Guangzhou
B10: RUS | C10: Nizhny Novgorod(Нижний Новгород) | D10: 下诺夫哥罗德 | E10: 9800 | F10: 18-20 | H10: Shenzhen/Guangzhou
B11: RUS | C11: Krasnoyar（Краснояр） | D11: 克拉斯诺亚尔 | E11: 8300 | F11: 15-18 | H11: Shenzhen/Guangzhou
B12: RUS | C12: Irkutsk（Иркутск） | D12: 伊尔库茨克 | E12: 7800 | F12: 15-18 | H12: Shenzhen/Guangzhou
B13: RUS | C13: Novokuznetsk（Новокузнецк） | D13: 新库茨涅茨克 | E13: 8500 | F13: 15-18 | H13: Shenzhen/Guangzhou
A14: 厦门 Xiamen | B14: RUS | C14: Moscow（Москва） | D14: 莫斯科 | E14: 10100 | F14: 18-20 | G14: Erenhot | H14: Xiamen
B15: RUS | C15: St. Petersburg（Санкт-Петербург） | D15: 圣彼得堡 | E15: 10400 | F15: 18-20 | H15: Xiamen
B16: RUS | C16: Novosibirsk（Новосибирск） | D16: 新西伯利亚 | E16: 8500 | F16: 18-20 | H16: Xiamen
B17: BY | C17: Minsk（Минск） | D17: 明斯克 | E17: 10800 | F17: 18-22 | H17: Xiamen
B18: RUS | C18: Chelyabinsk（Челябинск） | D18: 车里雅宾斯克 | E18: 9000 | F18: 18-20 | H18: Xiamen
B19: RUS | C19: Nizhny Novgorod(Нижний Новгород) | D19: 下诺夫哥罗德 | E19: 9800 | F19: 18-20 | H19: Xiamen
B20: RUS | C20: Krasnoyar（Краснояр） | D20: 克拉斯诺亚尔 | E20: 8300 | F20: 15-18 | H20: Xiamen
B21: RUS | C21: Irkutsk（Иркутск） | D21: 伊尔库茨克 | E21: 7800 | F21: 15-18 | H21: Xiamen
B22: RUS | C22: Novokuznetsk（Новокузнецк） | D22: 新库茨涅茨克 | E22: 8500 | F22: 15-18 | H22: Xiamen
A23: 宁波 Ningbo | B23: RUS | C23: Moscow（Москва） | D23: 莫斯科 | E23: 9500 | F23: 18-20 | G23: Erenhot | H23: Ningbo
B24: RUS | C24: St. Petersburg（Санкт-Петербург） | D24: 圣彼得堡 | E24: 9800 | F24: 18-22 | H24: Ningbo
B25: RUS | C25: Novosibirsk（Новосибирск） | D25: 新西伯利亚 | E25: 7900 | F25: 18-20 | H25: Ningbo
B26: BY | C26: Minsk（Минск） | D26: 明斯克 | E26: 10200 | F26: 18-22 | H26: Ningbo
B27: RUS | C27: Chelyabinsk（Челябинск） | D27: 车里雅宾斯克 | E27: 8400 | F27: 18-20 | H27: Ningbo
B28: RUS | C28: Nizhny Novgorod(Нижний Новгород) | D28: 下诺夫哥罗德 | E28: 9200 | F28: 18-20 | H28: Ningbo
B29: RUS | C29: Krasnoyar（Краснояр） | D29: 克拉斯诺亚尔 | E29: 7700 | F29: 15-18 | H29: Ningbo
B30: RUS | C30: Irkutsk（Иркутск） | D30: 伊尔库茨克 | E30: 7200 | F30: 15-18 | H30: Ningbo
B31: RUS | C31: Novokuznetsk（Новокузнецк） | D31: 新库茨涅茨克 | E31: 7900 | F31: 15-18 | H31: Ningbo
A32: 上海 Shanghai | B32: RUS | C32: Moscow（Москва） | D32: 莫斯科 | E32: 9400 | F32: 18-20 | G32: Erenhot | H32: Shanghai
B33: RUS | C33: St. Petersburg（Санкт-Петербург） | D33: 圣彼得堡 | E33: 9700 | F33: 18-20 | H33: Shanghai
B34: RUS | C34: Novosibirsk（Новосибирск） | D34: 新西伯利亚 | E34: 7800 | F34: 18-20 | H34: Shanghai
B35: BY | C35: Minsk（Минск） | D35: 明斯克 | E35: 10100 | F35: 18-22 | H35: Shanghai
B36: RUS | C36: Chelyabinsk（Челябинск） | D36: 车里雅宾斯克 | E36: 8300 | F36: 18-20 | H36: Shanghai
B37: RUS | C37: Nizhny Novgorod(Нижний Новгород) | D37: 下诺夫哥罗德 | E37: 9100 | F37: 18-20 | H37: Shanghai
B38: RUS | C38: Krasnoyar（Краснояр） | D38: 克拉斯诺亚尔 | E38: 7600 | F38: 15-18 | H38: Shanghai
B39: RUS | C39: Irkutsk（Иркутск） | D39: 伊尔库茨克 | E39: 7100 | F39: 15-18 | H39: Shanghai
B40: RUS | C40: Novokuznetsk（Новокузнецк） | D40: 新库茨涅茨克 | E40: 7800 | F40: 15-18 | H40: Shanghai
A41: 青岛 Qingdao | B41: RUS | C41: Moscow（Москва） | D41: 莫斯科 | E41: 9000 | F41: 18-20 | G41: Erenhot | H41: Qingdao
B42: RUS | C42: St. Petersburg（Санкт-Петербург） | D42: 圣彼得堡 | E42: 9300 | F42: 18-22 | H42: Qingdao
B43: RUS | C43: Novosibirsk（Новосибирск） | D43: 新西伯利亚 | E43: 7400 | F43: 18-20 | H43: Qingdao
B44: BY | C44: Minsk（Минск） | D44: 明斯克 | E44: 9700 | F44: 18-22 | H44: Qingdao
B45: RUS | C45: Chelyabinsk（Челябинск） | D45: 车里雅宾斯克 | E45: 7900 | F45: 18-20 | H45: Qingdao
B46: RUS | C46: Nizhny Novgorod(Нижний Новгород) | D46: 下诺夫哥罗德 | E46: 8700 | F46: 18-20 | H46: Qingdao
B47: RUS | C47: Krasnoyar（Краснояр） | D47: 克拉斯诺亚尔 | E47: 7200 | F47: 15-18 | H47: Qingdao
B48: RUS | C48: Irkutsk（Иркутск） | D48: 伊尔库茨克 | E48: 6700 | F48: 15-18 | H48: Qingdao
B49: RUS | C49: Novokuznetsk（Новокузнецк） | D49: 新库茨涅茨克 | E49: 7400 | F49: 15-18 | H49: Qingdao
A50: 天津 Tianjin | B50: RUS | C50: Moscow（Москва） | D50: 莫斯科 | E50: 8700 | F50: 18-20 | G50: Erenhot | H50: Tianjin
B51: RUS | C51: St. Petersburg（Санкт-Петербург） | D51: 圣彼得堡 | E51: 9000 | F51: 18-20 | H51: Tianjin
B52: RUS | C52: Novosibirsk（Новосибирск） | D52: 新西伯利亚 | E52: 7100 | F52: 18-20 | H52: Tianjin
B53: BY | C53: Minsk（Минск） | D53: 明斯克 | E53: 9400 | F53: 18-22 | H53: Tianjin
B54: RUS | C54: Chelyabinsk（Челябинск） | D54: 车里雅宾斯克 | E54: 7600 | F54: 18-20 | H54: Tianjin
B55: RUS | C55: Nizhny Novgorod(Нижний Новгород) | D55: 下诺夫哥罗德 | E55: 8400 | F55: 18-20 | H55: Tianjin
B56: RUS | C56: Krasnoyar（Краснояр） | D56: 克拉斯诺亚尔 | E56: 6900 | F56: 15-18 | H56: Tianjin
B57: RUS | C57: Irkutsk（Иркутск） | D57: 伊尔库茨克 | E57: 6400 | F57: 15-18 | H57: Tianjin
B58: RUS | C58: Novokuznetsk（Новокузнецк） | D58: 新库茨涅茨克 | E58: 7100 | F58: 15-18 | H58: Tianjin
A59: 大连 Dalian | B59: RUS | C59: Moscow（Москва） | D59: 莫斯科 | E59: 9000 | F59: 18-20 | G59: Erenhot | H59: Dalian
B60: RUS | C60: St. Petersburg（Санкт-Петербург） | D60: 圣彼得堡 | E60: 9300 | F60: 18-22 | H60: Dalian
B61: RUS | C61: Novosibirsk（Новосибирск） | D61: 新西伯利亚 | E61: 7400 | F61: 18-20 | H61: Dalian
B62: BY | C62: Minsk（Минск） | D62: 明斯克 | E62: 9700 | F62: 18-22 | H62: Dalian
B63: RUS | C63: Chelyabinsk（Челябинск） | D63: 车里雅宾斯克 | E63: 7900 | F63: 18-20 | H63: Dalian
B64: RUS | C64: Nizhny Novgorod(Нижний Новгород) | D64: 下诺夫哥罗德 | E64: 8700 | F64: 18-20 | H64: Dalian
B65: RUS | C65: Krasnoyar（Краснояр） | D65: 克拉斯诺亚尔 | E65: 7200 | F65: 15-18 | H65: Dalian
B66: RUS | C66: Irkutsk（Иркутск） | D66: 伊尔库茨克 | E66: 6700 | F66: 15-18 | H66: Dalian
B67: RUS | C67: Novokuznetsk（Новокузнецк） | D67: 新库茨涅茨克 | E67: 7400 | F67: 15-18 | H67: Dalian
A68: 武汉 Wuhan | B68: RUS | C68: Moscow（Москва） | D68: 莫斯科 | E68: 9600 | F68: 18-20 | G68: Erenhot | H68: Wuhan
B69: RUS | C69: St. Petersburg（Санкт-Петербург） | D69: 圣彼得堡 | E69: 9900 | F69: 18-20 | H69: Wuhan
B70: RUS | C70: Novosibirsk（Новосибирск） | D70: 新西伯利亚 | E70: 8000 | F70: 18-20 | H70: Wuhan
B71: BY | C71: Minsk（Минск） | D71: 明斯克 | E71: 10300 | F71: 18-22 | H71: Wuhan
B72: RUS | C72: Chelyabinsk（Челябинск） | D72: 车里雅宾斯克 | E72: 8500 | F72: 18-20 | H72: Wuhan
B73: RUS | C73: Nizhny Novgorod(Нижний Новгород) | D73: 下诺夫哥罗德 | E73: 9300 | F73: 18-20 | H73: Wuhan
B74: RUS | C74: Krasnoyar（Краснояр） | D74: 克拉斯诺亚尔 | E74: 7800 | F74: 15-18 | H74: Wuhan
B75: RUS | C75: Irkutsk（Иркутск） | D75: 伊尔库茨克 | E75: 7300 | F75: 15-18 | H75: Wuhan
B76: RUS | C76: Novokuznetsk（Новокузнецк） | D76: 新库茨涅茨克 | E76: 8000 | F76: 15-18 | H76: Wuhan
A77: 重庆 Chongqing | B77: RUS | C77: Moscow（Москва） | D77: 莫斯科 | E77: 9600 | F77: 18-20 | G77: Erenhot | H77: Chongqing
B78: RUS | C78: St. Petersburg（Санкт-Петербург） | D78: 圣彼得堡 | E78: 9900 | F78: 18-22 | H78: Chongqing
B79: RUS | C79: Novosibirsk（Новосибирск） | D79: 新西伯利亚 | E79: 8000 | F79: 18-20 | H79: Chongqing
B80: BY | C80: Minsk（Минск） | D80: 明斯克 | E80: 10300 | F80: 18-22 | H80: Chongqing
B81: RUS | C81: Chelyabinsk（Челябинск） | D81: 车里雅宾斯克 | E81: 8500 | F81: 18-20 | H81: Chongqing
B82: RUS | C82: Nizhny Novgorod(Нижний Новгород) | D82: 下诺夫哥罗德 | E82: 9300 | F82: 18-20 | H82: Chongqing
B83: RUS | C83: Krasnoyar（Краснояр） | D83: 克拉斯诺亚尔 | E83: 7800 | F83: 15-18 | H83: Chongqing
B84: RUS | C84: Irkutsk（Иркутск） | D84: 伊尔库茨克 | E84: 7300 | F84: 15-18 | H84: Chongqing
B85: RUS | C85: Novokuznetsk（Новокузнецк） | D85: 新库茨涅茨克 | E85: 8000 | F85: 15-18 | H85: Chongqing

Sheet Southeast Asia - Russia
A1: POL | G1: To Moscow USD/40HQ | H1: To St. Petersburg USD/40HQ | I1: To Minsk USD/40HQ | J1: TT/DAY
A2: FOB Hanoi Station | G2: 6900 | H2: 8100 | I2: 8400 | J2: 36
A3: FOB Hochiminh Station | G3: 7450 | H3: 8650 | I3: 8950 | J3: 36
A4: FOB Hai Phong | G4: 6850 | H4: 8050 | I4: 8350 | J4: 40
A5: FOB Hochiminh City | G5: 6900 | H5: 8100 | I5: 8400 | J5: 40
A6: FOB Singapore | G6: 7100 | H6: 8300 | I6: 8600 | J6: 42
A7: FOB Laem Chabang/Bangkok | G7: 7000 | H7: 8200 | I7: 8500 | J7: 40
A8: FOB Keelung/Kaohsiung/Taichung | G8: 6900 | H8: 8100 | I8: 8400 | J8: 38
A9: FOB Pasir Gudang/Penang/Klang | G9: 7000 | H9: 8200 | I9: 8500 | J9: 40
A10: FOB Tokyo/Osaka | G10: 7000 | H10: 8200 | I10: 8500 | J10: 36
A11: FOB Colombo | G11: 7200 | H11: 8400 | I11: 8700 | J11: 45
A12: FOB Hong Kong | G12: 7300 | H12: 8500 | I12: 8800 | J12: 34
A13: FOB Sihanoukville | G13: 7300 | H13: 8500 | I13: 8800 | J13: 40
... A18: FOB Chittagong/Dhaka | G18: 7100 | H18: 8300 | I18: 8600 | J18: 42
A20: Note: The quotation is valid until the end of April 2025

Sheet для калькулятора
A1: Сервис | B1: Базис | C1: тип тс/ктк | D1: город или провинция отправления | E1: граница/порт | F1: город или провинция доставки | G1: стои-мость USD | H1: стоимость рублей | I1: СВХ | J1: стоимость СВХ | K1: стоимость терминальной обработки | L1: автовывоз | M1: стоимость охраны | N1: валидность | O1: транзитный срок | P1: даты выходов | Q1: что включено
A2: море | B2: FOB | C2: ='Sea (FOB)'!$F$2 -> 20GP COC | D2: ='Sea (FOB)'!A3 -> HONG KONG | E2: ='Sea (FOB)'!B3 -> VLADIVISTOK COMMERCIAL/FISHERY | G2: ='Sea (FOB)'!F3 -> 2850 | P2: ='Sea (FOB)'!H3 -> 45763
A3: море | B3: FOB | C3: ='Sea (FOB)'!$F$2 -> 20GP COC | D3: ='Sea (FOB)'!A4 -> NANSHA | E3: ='Sea (FOB)'!B4 -> Vrangel Bay (VOSTOCHNY) | G3: ='Sea (FOB)'!F4 -> 1825 | P3: ='Sea (FOB)'!H4 -> 45770
A4: море | B4: FOB | C4: ='Sea (FOB)'!$F$2 -> 20GP COC | D4: ='Sea (FOB)'!A5 -> NANSHA | E4: ='Sea (FOB)'!B5 -> VLADIVISTOK COMMERCIAL/FISHERY | G4: ='Sea (FOB)'!F5 -> 1700 | P4: ='Sea (FOB)'!H5 -> 45763
A5: море | B5: FOB | C5: ='Sea (FOB)'!$F$2 -> 20GP COC | D5: ='Sea (FOB)'!A6 -> NANSHA | E5: ='Sea (FOB)'!B6 -> VLADIVISTOK COMMERCIAL | G5: ='Sea (FOB)'!F6 -> 1725 | P5: ='Sea (FOB)'!H6 -> 45765
A6: море | B6: FOB | C6: ='Sea (FOB)'!$F$2 -> 20GP COC | D6: ='Sea (FOB)'!A7 -> SEHKOU | E6: ='Sea (FOB)'!B7 -> VLADIVISTOK COMMERCIAL/FISHERY | G6: ='Sea (FOB)'!F7 -> 1600 | P6: ='Sea (FOB)'!H7 -> 45764
A7: море | B7: FOB | C7: ='Sea (FOB)'!$F$2 -> 20GP COC | D7: ='Sea (FOB)'!A8 -> YANTIAN | E7: ='Sea (FOB)'!B8 -> Vrangel Bay (VOSTOCHNY) | G7: ='Sea (FOB)'!F8 -> 1825 | P7: ='Sea (FOB)'!H8 -> 45769
A8: море | B8: FOB | C8: ='Sea (FOB)'!$F$2 -> 20GP COC | D8: ='Sea (FOB)'!A9 -> YANTIAN | E8: ='Sea (FOB)'!B9 -> VLADIVISTOK COMMERCIAL | G8: ='Sea (FOB)'!F9 -> 1725 | P8: ='Sea (FOB)'!H9 -> 45761
A9: море | B9: FOB | C9: ='Sea (FOB)'!$F$2 -> 20GP COC | D9: ='Sea (FOB)'!A10 -> XIAMEN | E9: ='Sea (FOB)'!B10 -> Vrangel Bay (VOSTOCHNY) | G9: ='Sea (FOB)'!F10 -> 1825 | P9: ='Sea (FOB)'!H10 -> 45772
A10: море | B10: FOB | C10: ='Sea (FOB)'!$F$2 -> 20GP COC | D10: ='Sea (FOB)'!A11 -> XIAMEN | E10: ='Sea (FOB)'!B11 -> VLADIVISTOK COMMERCIAL/FISHERY | G10: ='Sea (FOB)'!F11 -> 1600 | P10: ='Sea (FOB)'!H11 -> 45759
A11: море | B11: FOB | C11: ='Sea (FOB)'!$F$2 -> 20GP COC | D11: ='Sea (FOB)'!A12 -> XIAMEN | E11: ='Sea (FOB)'!B12 -> VLADIVISTOK COMMERCIAL | G11: ='Sea (FOB)'!F12 -> 1700 | P11: ='Sea (FOB)'!H12 -> 45763
A12: море | B12: FOB | C12: ='Sea (FOB)'!$F$2 -> 20GP COC | D12: ='Sea (FOB)'!A13 -> SHANGHAI | E12: ='Sea (FOB)'!B13 -> VLADIVISTOK COMMERCIAL/FISHERY | G12: ='Sea (FOB)'!F13 -> 1430 | P12: ='Sea (FOB)'!H13 -> 45765
A13: море | B13: FOB | C13: ='Sea (FOB)'!$F$2 -> 20GP COC | D13: ='Sea (FOB)'!A14 -> SHANGHAI | E13: ='Sea (FOB)'!B14 -> VLADIVISTOK COMMERCIAL/FISHERY | G13: ='Sea (FOB)'!F14 -> 1430 | P13: ='Sea (FOB)'!H14 -> 45765
... A47: море | B47: FOB | C47: ='Sea (FOB)'!$F$2 -> 20GP COC | D47: ='Sea (FOB)'!A48 -> DALIAN | E47: ='Sea (FOB)'!B48 -> VLADIVISTOK COMMERCIAL | G47: ='Sea (FOB)'!F48 -> 1725 | P47: ='Sea (FOB)'!H48 -> 45766
A48: море | B48: FOB | C48: ='Sea (FOB)'!$G$2 -> 40HQ COC | D48: ='Sea (FOB)'!A3 -> HONG KONG | E48: ='Sea (FOB)'!B3 -> VLADIVISTOK COMMERCIAL/FISHERY | G48: ='Sea (FOB)'!G3 -> 4500 | P48: ='Sea (FOB)'!H3 -> 45763
A49: море | B49: FOB | C49: ='Sea (FOB)'!$G$2 -> 40HQ COC | D49: ='Sea (FOB)'!A4 -> NANSHA | E49: ='Sea (FOB)'!B4 -> Vrangel Bay (VOSTOCHNY) | G49: ='Sea (FOB)'!G4 -> 2550 | P49: ='Sea (FOB)'!H4 -> 45770
A50: море | B50: FOB | C50: ='Sea (FOB)'!$G$2 -> 40HQ COC | D50: ='Sea (FOB)'!A5 -> NANSHA | E50: ='Sea (FOB)'!B5 -> VLADIVISTOK COMMERCIAL/FISHERY | G50: ='Sea (FOB)'!G5 -> 2750 | P50: ='Sea (FOB)'!H5 -> 45763
A51: море | B51: FOB | C51: ='Sea (FOB)'!$G$2 -> 40HQ COC | D51: ='Sea (FOB)'!A6 -> NANSHA | E51: ='Sea (FOB)'!B6 -> VLADIVISTOK COMMERCIAL | G51: ='Sea (FOB)'!G6 -> 2525 | P51: ='Sea (FOB)'!H6 -> 45765
A52: море | B52: FOB | C52: ='Sea (FOB)'!$G$2 -> 40HQ COC | D52: ='Sea (FOB)'!A7 -> SEHKOU | E52: ='Sea (FOB)'!B7 -> VLADIVISTOK COMMERCIAL/FISHERY | G52: ='Sea (FOB)'!G7 -> 2550 | P52: ='Sea (FOB)'!H7 -> 45764
A53: море | B53: FOB | C53: ='Sea (FOB)'!$G$2 -> 40HQ COC | D53: ='Sea (FOB)'!A8 -> YANTIAN | E53: ='Sea (FOB)'!B8 -> Vrangel Bay (VOSTOCHNY) | G53: ='Sea (FOB)'!G8 -> 2600 | P53: ='Sea (FOB)'!H8 -> 45769
A54: море | B54: FOB | C54: ='Sea (FOB)'!$G$2 -> 40HQ COC | D54: ='Sea (FOB)'!A9 -> YANTIAN | E54: ='Sea (FOB)'!B9 -> VLADIVISTOK COMMERCIAL | G54: ='Sea (FOB)'!G9 -> 2575 | P54: ='Sea (FOB)'!H9 -> 45761
A55: море | B55: FOB | C55: ='Sea (FOB)'!$G$2 -> 40HQ COC | D55: ='Sea (FOB)'!A10 -> XIAMEN | E55: ='Sea (FOB)'!B10 -> Vrangel Bay (VOSTOCHNY) | G55: ='Sea (FOB)'!G10 -> 2800 | P55: ='Sea (FOB)'!H10 -> 45772
A56: море | B56: FOB | C56: ='Sea (FOB)'!$G$2 -> 40HQ COC | D56: ='Sea (FOB)'!A11 -> XIAMEN | E56: ='Sea (FOB)'!B11 -> VLADIVISTOK COMMERCIAL/FISHERY | G56: ='Sea (FOB)'!G11 -> 2700 | P56: ='Sea (FOB)'!H11 -> 45759
A57: море | B57: FOB | C57: ='Sea (FOB)'!$G$2 -> 40HQ COC | D57: ='Sea (FOB)'!A12 -> XIAMEN | E57: ='Sea (FOB)'!B12 -> VLADIVISTOK COMMERCIAL | G57: ='Sea (FOB)'!G12 -> 2700 | P57: ='Sea (FOB)'!H12 -> 45763
A58: море | B58: FOB | C58: ='Sea (FOB)'!$G$2 -> 40HQ COC | D58: ='Sea (FOB)'!A13 -> SHANGHAI | E58: ='Sea (FOB)'!B13 -> VLADIVISTOK COMMERCIAL/FISHERY | G58: ='Sea (FOB)'!G13 -> 2110 | P58: ='Sea (FOB)'!H13 -> 45765
A59: море | B59: FOB | C59: ='Sea (FOB)'!$G$2 -> 40HQ COC | D59: ='Sea (FOB)'!A14 -> SHANGHAI | E59: ='Sea (FOB)'!B14 -> VLADIVISTOK COMMERCIAL/FISHERY | G59: ='Sea (FOB)'!G14 -> 2110 | P59: ='Sea (FOB)'!H14 -> 45765
... A93: море | B93: FOB | C93: ='Sea (FOB)'!$G$2 -> 40HQ COC | D93: ='Sea (FOB)'!A48 -> DALIAN | E93: ='Sea (FOB)'!B48 -> VLADIVISTOK COMMERCIAL | G93: ='Sea (FOB)'!G48 -> 2100 | P93: ='Sea (FOB)'!H48 -> 45766
A94: море | B94: FOB | C94: ='Sea (FOB)'!$G$55 -> FILO 40HQ (USD) COC | D94: ='Sea (FOB)'!A56 -> QINGDAO | E94: ='Sea (FOB)'!B56 -> St.PETERSBURG(PLP) | G94: ='Sea (FOB)'!G56 -> 5255 | H94: - | K94: включена | M94: - | P94: ='Sea (FOB)'!H56 -> 45763
A95: море | B95: FOB | C95: ='Sea (FOB)'!$G$55 -> FILO 40HQ (USD) COC | D95: ='Sea (FOB)'!A57 -> QINGDAO | E95: ='Sea (FOB)'!B57 -> St.PETERSBURG(PLP) | G95: ='Sea (FOB)'!G57 -> 5350 | H95: - | K95: включена | M95: - | P95: ='Sea (FOB)'!H57 -> 45762
A96: море | B96: FOB | C96: ='Sea (FOB)'!$G$55 -> FILO 40HQ (USD) COC | D96: ='Sea (FOB)'!A58 -> QINGDAO | E96: ='Sea (FOB)'!B58 -> St.PETERSBURG(FCT) | G96: ='Sea (FOB)'!G58 -> 5200 | H96: - | K96: включена | M96: - | P96: ='Sea (FOB)'!H58 -> 45773
A97: море | B97: FOB | C97: ='Sea (FOB)'!$G$55 -> FILO 40HQ (USD) COC | D97: ='Sea (FOB)'!A59 -> RIZHAO | E97: ='Sea (FOB)'!B59 -> St.PETERSBURG(FCT) | G97: ='Sea (FOB)'!G59 -> 5410 | H97: - | K97: включена | M97: - | P97: ='Sea (FOB)'!H59 -> 45771
A98: море | B98: FOB | C98: ='Sea (FOB)'!$G$55 -> FILO 40HQ (USD) COC | D98: ='Sea (FOB)'!A60 -> RIZHAO | E98: ='Sea (FOB)'!B60 -> St.PETERSBURG(FCT) | G98: ='Sea (FOB)'!G60 -> 5200 | H98: - | K98: включена | M98: - | P98: ='Sea (FOB)'!H60 -> 45773
A99: море | B99: FOB | C99: ='Sea (FOB)'!$G$55 -> FILO 40HQ (USD) COC | D99: ='Sea (FOB)'!A61 -> SHANGHAI | E99: ='Sea (FOB)'!B61 -> St.PETERSBURG(PLP) | G99: ='Sea (FOB)'!G61 -> 5255 | H99: - | K99: включена | M99: - | P99: ='Sea (FOB)'!H61 -> 45766
A100: море | B100: FOB | C100: ='Sea (FOB)'!$G$55 -> FILO 40HQ (USD) COC | D100: ='Sea (FOB)'!A62 -> SHANGHAI | E100: ='Sea (FOB)'!B62 -> St.PETERSBURG(PLP) | G100: ='Sea (FOB)'!G62 -> 5350 | H100: - | K100: включена | M100: - | P100: ='Sea (FOB)'!H62 -> 45765
A101: море | B101: FOB | C101: ='Sea (FOB)'!$G$55 -> FILO 40HQ (USD) COC | D101: ='Sea (FOB)'!A63 -> SHANGHAI | E101: ='Sea (FOB)'!B63 -> St.PETERSBURG(Bronka) | G101: ='Sea (FOB)'!G63 -> 5410 | H101: - | K101: включена | M101: - | P101: ='Sea (FOB)'!H63 -> 45781
A102: море | B102: FOB | C102: ='Sea (FOB)'!$G$55 -> FILO 40HQ (USD) COC | D102: ='Sea (FOB)'!A64 -> SHANGHAI | E102: ='Sea (FOB)'!B64 -> St.PETERSBURG(FCT) | G102: ='Sea (FOB)'!G64 -> 5300 | H102: - | K102: включена | M102: - | P102: ='Sea (FOB)'!H64 -> 45769
A103: море | B103: FOB | C103: ='Sea (FOB)'!$G$55 -> FILO 40HQ (USD) COC | D103: ='Sea (FOB)'!A65 -> NINGBO | E103: ='Sea (FOB)'!B65 -> St.PETERSBURG(CTSP) | G103: ='Sea (FOB)'!G65 -> 5400 | H103: - | K103: включена | M103: - | P103: ='Sea (FOB)'!H65 -> 45761
A104: море | B104: FOB | C104: ='Sea (FOB)'!$G$55 -> FILO 40HQ (USD) COC | D104: ='Sea (FOB)'!A66 -> NINGBO | E104: ='Sea (FOB)'!B66 -> St.PETERSBURG(FCT) | G104: ='Sea (FOB)'!G66 -> 5450 | H104: - | K104: включена | M104: - | P104: ='Sea (FOB)'!H66 -> 45767
A105: море | B105: FOB | C105: ='Sea (FOB)'!$G$55 -> FILO 40HQ (USD) COC | D105: ='Sea (FOB)'!A67 -> NANSHA | E105: ='Sea (FOB)'!B67 -> St.PETERSBURG(PLP) | G105: ='Sea (FOB)'!G67 -> 5255 | H105: - | K105: включена | M105: - | P105: ='Sea (FOB)'!H67 -> 45769
... A114: море | B114: FOB | C114: ='Sea (FOB)'!$G$55 -> FILO 40HQ (USD) COC | D114: ='Sea (FOB)'!A76 -> TIANJIN | E114: ='Sea (FOB)'!B76 -> St.PETERSBURG(FCT) | G114: ='Sea (FOB)'!G76 -> 5850 | H114: - | K114: включена | M114: - | P114: ='Sea (FOB)'!H76 -> 45764
A115: море | B115: FOB | C115: ='Sea (FOB)'!$F$55 -> FILO 20GP (USD) COC | D115: ='Sea (FOB)'!A56 -> QINGDAO | E115: ='Sea (FOB)'!B56 -> St.PETERSBURG(PLP) | G115: ='Sea (FOB)'!F56 -> 3755 | H115: - | K115: включена | M115: - | P115: ='Sea (FOB)'!H56 -> 45763
A116: море | B116: FOB | C116: ='Sea (FOB)'!$F$55 -> FILO 20GP (USD) COC | D116: ='Sea (FOB)'!A57 -> QINGDAO | E116: ='Sea (FOB)'!B57 -> St.PETERSBURG(PLP) | G116: ='Sea (FOB)'!F57 -> 3850 | H116: - | K116: включена | M116: - | P116: ='Sea (FOB)'!H57 -> 45762
A117: море | B117: FOB | C117: ='Sea (FOB)'!$F$55 -> FILO 20GP (USD) COC | D117: ='Sea (FOB)'!A58 -> QINGDAO | E117: ='Sea (FOB)'!B58 -> St.PETERSBURG(FCT) | G117: ='Sea (FOB)'!F58 -> 3450 | H117: - | K117: включена | M117: - | P117: ='Sea (FOB)'!H58 -> 45773
A118: море | B118: FOB | C118: ='Sea (FOB)'!$F$55 -> FILO 20GP (USD) COC | D118: ='Sea (FOB)'!A59 -> RIZHAO | E118: ='Sea (FOB)'!B59 -> St.PETERSBURG(FCT) | G118: ='Sea (FOB)'!F59 -> 3960 | H118: - | K118: включена | M118: - | P118: ='Sea (FOB)'!H59 -> 45771
A119: море | B119: FOB | C119: ='Sea (FOB)'!$F$55 -> FILO 20GP (USD) COC | D119: ='Sea (FOB)'!A60 -> RIZHAO | E119: ='Sea (FOB)'!B60 -> St.PETERSBURG(FCT) | G119: ='Sea (FOB)'!F60 -> 3450 | H119: - | K119: включена | M119: - | P119: ='Sea (FOB)'!H60 -> 45773
A120: море | B120: FOB | C120: ='Sea (FOB)'!$F$55 -> FILO 20GP (USD) COC | D120: ='Sea (FOB)'!A61 -> SHANGHAI | E120: ='Sea (FOB)'!B61 -> St.PETERSBURG(PLP) | G120: ='Sea (FOB)'!F61 -> 3755 | H120: - | K120: включена | M120: - | P120: ='Sea (FOB)'!H61 -> 45766
A121: море | B121: FOB | C121: ='Sea (FOB)'!$F$55 -> FILO 20GP (USD) COC | D121: ='Sea (FOB)'!A62 -> SHANGHAI | E121: ='Sea (FOB)'!B62 -> St.PETERSBURG(PLP) | G121: ='Sea (FOB)'!F62 -> 3850 | H121: - | K121: включена | M121: - | P121: ='Sea (FOB)'!H62 -> 45765
A122: море | B122: FOB | C122: ='Sea (FOB)'!$F$55 -> FILO 20GP (USD) COC | D122: ='Sea (FOB)'!A63 -> SHANGHAI | E122: ='Sea (FOB)'!B63 -> St.PETERSBURG(Bronka) | G122: ='Sea (FOB)'!F63 -> 3960 | H122: - | K122: включена | M122: - | P122: ='Sea (FOB)'!H63 -> 45781
A123: море | B123: FOB | C123: ='Sea (FOB)'!$F$55 -> FILO 20GP (USD) COC | D123: ='Sea (FOB)'!A64 -> SHANGHAI | E123: ='Sea (FOB)'!B64 -> St.PETERSBURG(FCT) | G123: ='Sea (FOB)'!F64 -> 3850 | H123: - | K123: включена | M123: - | P123: ='Sea (FOB)'!H64 -> 45769
A124: море | B124: FOB | C124: ='Sea (FOB)'!$F$55 -> FILO 20GP (USD) COC | D124: ='Sea (FOB)'!A65 -> NINGBO | E124: ='Sea (FOB)'!B65 -> St.PETERSBURG(CTSP) | G124: ='Sea (FOB)'!F65 -> 3950 | H124: - | K124: включена | M124: - | P124: ='Sea (FOB)'!H65 -> 45761
A125: море | B125: FOB | C125: ='Sea (FOB)'!$F$55 -> FILO 20GP (USD) COC | D125: ='Sea (FOB)'!A66 -> NINGBO | E125: ='Sea (FOB)'!B66 -> St.PETERSBURG(FCT) | G125: ='Sea (FOB)'!F66 -> 3850 | H125: - | K125: включена | M125: - | P125: ='Sea (FOB)'!H66 -> 45767
A126: море | B126: FOB | C126: ='Sea (FOB)'!$F$55 -> FILO 20GP (USD) COC | D126: ='Sea (FOB)'!A67 -> NANSHA | E126: ='Sea (FOB)'!B67 -> St.PETERSBURG(PLP) | G126: ='Sea (FOB)'!F67 -> 3755 | H126: - | K126: включена | M126: - | P126: ='Sea (FOB)'!H67 -> 45769
... A135: море | B135: FOB | C135: ='Sea (FOB)'!$F$55 -> FILO 20GP (USD) COC | D135: ='Sea (FOB)'!A76 -> TIANJIN | E135: ='Sea (FOB)'!B76 -> St.PETERSBURG(FCT) | G135: ='Sea (FOB)'!F76 -> 3950 | H135: - | K135: включена | M135: - | P135: ='Sea (FOB)'!H76 -> 45764
A136: жд | B136: EXW | C136: 40 HC | D136: ='Rail (EXW)'!A2 -> Shanghai/Suzhou | E136: ='Rail (EXW)'!G2 -> Erlian | F136: ='Rail (EXW)'!C2 -> Moscow | G136: ='Rail (EXW)'!D2 -> 4850 | H136: - | I136: ='Rail (EXW)'!H2 -> Elektrougli | P136: ='Rail (EXW)'!E2 -> 4.16/4.25/4.30
A137: жд | B137: EXW | C137: =$C$136 -> 40 HC | D137: ='Rail (EXW)'!A3 -> Ningbo/Cixi | E137: ='Rail (EXW)'!G3 -> Erlian | F137: ='Rail (EXW)'!C3 -> Moscow | G137: ='Rail (EXW)'!D3 -> 5050 | H137: - | I137: ='Rail (EXW)'!H3 -> Elektrougli | P137: ='Rail (EXW)'!E3 -> 4.16/4.25/4.30
A138: жд | B138: EXW | C138: =$C$136 -> 40 HC | D138: ='Rail (EXW)'!A4 -> Qingdao/Linyi | E138: ='Rail (EXW)'!G4 -> Erlian | F138: ='Rail (EXW)'!C4 -> Moscow | G138: ='Rail (EXW)'!D4 -> 4750 | H138: - | I138: ='Rail (EXW)'!H4 -> Elektrougli | P138: ='Rail (EXW)'!E4 -> 4.16/4.25/4.30
A139: жд | B139: EXW | C139: =$C$136 -> 40 HC | D139: ='Rail (EXW)'!A5 -> Tianjin/Cangzhou | E139: ='Rail (EXW)'!G5 -> Erlian | F139: ='Rail (EXW)'!C5 -> Moscow | G139: ='Rail (EXW)'!D5 -> 5450 | H139: - | I139: ='Rail (EXW)'!H5 -> Elektrougli | P139: ='Rail (EXW)'!E5 -> 4.16/4.25/4.30
A140: жд | B140: EXW | C140: =$C$136 -> 40 HC | D140: ='Rail (EXW)'!A6 -> Luoyang/Jiaozuo | E140: ='Rail (EXW)'!G6 -> Erlian | F140: ='Rail (EXW)'!C6 -> Moscow | G140: ='Rail (EXW)'!D6 -> 4400 | H140: - | I140: ='Rail (EXW)'!H6 -> Elektrougli | P140: ='Rail (EXW)'!E6 -> 4.16/4.25/4.30
A141: жд | B141: EXW | C141: =$C$136 -> 40 HC | D141: ='Rail (EXW)'!A7 -> Xiamen | E141: ='Rail (EXW)'!G7 -> Erlian | F141: ='Rail (EXW)'!C7 -> Moscow | G141: ='Rail (EXW)'!D7 -> 5700 | H141: - | I141: ='Rail (EXW)'!H7 -> Elektrougli | P141: ='Rail (EXW)'!E7 -> 4.16/4.25/4.30
A142: жд | B142: EXW | C142: =$C$136 -> 40 HC | D142: ='Rail (EXW)'!A8 -> Guangzhou | E142: ='Rail (EXW)'!G8 -> Erlian | F142: ='Rail (EXW)'!C8 -> Moscow | G142: ='Rail (EXW)'!D8 -> 5550 | H142: - | I142: ='Rail (EXW)'!H8 -> Elektrougli | P142: ='Rail (EXW)'!E8 -> 4.16/4.25/4.30
A143: жд | B143: EXW | C143: =$C$136 -> 40 HC | D143: ='Rail (EXW)'!A9 -> Shenzhen | E143: ='Rail (EXW)'!G9 -> Erlian | F143: ='Rail (EXW)'!C9 -> Moscow | G143: ='Rail (EXW)'!D9 -> 5500 | H143: - | I143: ='Rail (EXW)'!H9 -> Elektrougli | P143: ='Rail (EXW)'!E9 -> 4.16/4.25/4.30
A144: жд | B144: EXW | C144: =$C$136 -> 40 HC | D144: ='Rail (EXW)'!A10 -> Zhongshan | E144: ='Rail (EXW)'!G10 -> Erlian | F144: ='Rail (EXW)'!C10 -> Moscow | G144: ='Rail (EXW)'!D10 -> 5600 | H144: - | I144: ='Rail (EXW)'!H10 -> Elektrougli | P144: ='Rail (EXW)'!E10 -> 4.16/4.25/4.30
A145: жд | B145: EXW | C145: =$C$136 -> 40 HC | D145: ='Rail (EXW)'!A11 -> 0 | E145: ='Rail (EXW)'!G11 -> 0 | F145: ='Rail (EXW)'!C11 -> 0 | G145: ='Rail (EXW)'!D11 -> 0 | H145: - | I145: ='Rail (EXW)'!H11 -> 0 | P145: ='Rail (EXW)'!E11 -> 0
A146: жд | B146: EXW | C146: =$C$136 -> 40 HC | D146: ='Rail (EXW)'!A12 -> Shijiazhuang/Hengshui/Tianjin | E146: ='Rail (EXW)'!G12 -> Erlian | F146: ='Rail (EXW)'!C12 -> Moscow | G146: ='Rail (EXW)'!D12 -> 4650 | H146: - | I146: ='Rail (EXW)'!H12 -> Elektrougli | P146: ='Rail (EXW)'!E12 -> 4.25/4.29
A147: жд | B147: EXW | C147: =$C$136 -> 40 HC | D147: ='Rail (EXW)'!A13 -> Beijing | E147: ='Rail (EXW)'!G13 -> Erlian | F147: ='Rail (EXW)'!C13 -> Moscow | G147: ='Rail (EXW)'!D13 -> 4800 | H147: - | I147: ='Rail (EXW)'!H13 -> Elektrougli | P147: ='Rail (EXW)'!E13 -> 4.25/4.29
A148: жд | B148: EXW | C148: =$C$136 -> 40 HC | D148: ='Rail (EXW)'!A14 -> Jianan/Qingdao | E148: ='Rail (EXW)'!G14 -> Erlian | F148: ='Rail (EXW)'!C14 -> Moscow | G148: ='Rail (EXW)'!D14 -> 4850 | H148: - | I148: ='Rail (EXW)'!H14 -> Elektrougli | P148: ='Rail (EXW)'!E14 -> 4.25/4.29
... A301: жд | B301: EXW | C301: =$C$136 -> 40 HC | D301: ='Rail (EXW)'!A167 -> 0 | E301: ='Rail (EXW)'!G167 -> 0 | F301: ='Rail (EXW)'!C167 -> 0 | G301: ='Rail (EXW)'!D167 -> 0 | H301: - | I301: ='Rail (EXW)'!H167 -> 0 | P301: ='Rail (EXW)'!E167 -> 0
A302: авто | B302: EXW | C302: 22т 82м3 | D302: =Truck!H5 -> Shenzhen/Guangzhou | E302: =Truck!$G$5 -> Erenhot | F302: =Truck!C5 -> Moscow（Москва） | G302: =Truck!E5 -> 10100 | H302: - | N302: 45772 | O302: =Truck!F5 -> 18-20 | P302: 2 дня после заявки
A303: авто | B303: EXW | C303: =$C$302 -> 22т 82м3 | D303: =Truck!H6 -> Shenzhen/Guangzhou | E303: =Truck!$G$5 -> Erenhot | F303: =Truck!C6 -> St. Petersburg（Санкт-Петербург） | G303: =Truck!E6 -> 10400 | H303: - | N303: =$N$302 -> 45772 | O303: =Truck!F6 -> 18-22 | P303: =$P$302 -> 2 дня после заявки
A304: авто | B304: EXW | C304: =$C$302 -> 22т 82м3 | D304: =Truck!H7 -> Shenzhen/Guangzhou | E304: =Truck!$G$5 -> Erenhot | F304: =Truck!C7 -> Novosibirsk（Новосибирск） | G304: =Truck!E7 -> 8500 | H304: - | N304: =$N$302 -> 45772 | O304: =Truck!F7 -> 18-20 | P304: =$P$302 -> 2 дня после заявки
A305: авто | B305: EXW | C305: =$C$302 -> 22т 82м3 | D305: =Truck!H8 -> Shenzhen/Guangzhou | E305: =Truck!$G$5 -> Erenhot | F305: =Truck!C8 -> Minsk（Минск） | G305: =Truck!E8 -> 10800 | H305: - | N305: =$N$302 -> 45772 | O305: =Truck!F8 -> 18-22 | P305: =$P$302 -> 2 дня после заявки
A306: авто | B306: EXW | C306: =$C$302 -> 22т 82м3 | D306: =Truck!H9 -> Shenzhen/Guangzhou | E306: =Truck!$G$5 -> Erenhot | F306: =Truck!C9 -> Chelyabinsk（Челябинск） | G306: =Truck!E9 -> 9000 | H306: - | N306: =$N$302 -> 45772 | O306: =Truck!F9 -> 18-20 | P306: =$P$302 -> 2 дня после заявки
A307: авто | B307: EXW | C307: =$C$302 -> 22т 82м3 | D307: =Truck!H10 -> Shenzhen/Guangzhou | E307: =Truck!$G$5 -> Erenhot | F307: =Truck!C10 -> Nizhny Novgorod(Нижний Новгород) | G307: =Truck!E10 -> 9800 | H307: - | N307: =$N$302 -> 45772 | O307: =Truck!F10 -> 18-20 | P307: =$P$302 -> 2 дня после заявки
A308: авто | B308: EXW | C308: =$C$302 -> 22т 82м3 | D308: =Truck!H11 -> Shenzhen/Guangzhou | E308: =Truck!$G$5 -> Erenhot | F308: =Truck!C11 -> Krasnoyar（Краснояр） | G308: =Truck!E11 -> 8300 | H308: - | N308: =$N$302 -> 45772 | O308: =Truck!F11 -> 15-18 | P308: =$P$302 -> 2 дня после заявки
A309: авто | B309: EXW | C309: =$C$302 -> 22т 82м3 | D309: =Truck!H12 -> Shenzhen/Guangzhou | E309: =Truck!$G$5 -> Erenhot | F309: =Truck!C12 -> Irkutsk（Иркутск） | G309: =Truck!E12 -> 7800 | H309: - | N309: =$N$302 -> 45772 | O309: =Truck!F12 -> 15-18 | P309: =$P$302 -> 2 дня после заявки
A310: авто | B310: EXW | C310: =$C$302 -> 22т 82м3 | D310: =Truck!H13 -> Shenzhen/Guangzhou | E310: =Truck!$G$5 -> Erenhot | F310: =Truck!C13 -> Novokuznetsk（Новокузнецк） | G310: =Truck!E13 -> 8500 | H310: - | N310: =$N$302 -> 45772 | O310: =Truck!F13 -> 15-18 | P310: =$P$302 -> 2 дня после заявки
A311: авто | B311: EXW | C311: =$C$302 -> 22т 82м3 | D311: =Truck!H14 -> Xiamen | E311: =Truck!$G$5 -> Erenhot | F311: =Truck!C14 -> Moscow（Москва） | G311: =Truck!E14 -> 10100 | H311: - | N311: =$N$302 -> 45772 | O311: =Truck!F14 -> 18-20 | P311: =$P$302 -> 2 дня после заявки
A312: авто | B312: EXW | C312: =$C$302 -> 22т 82м3 | D312: =Truck!H15 -> Xiamen | E312: =Truck!$G$5 -> Erenhot | F312: =Truck!C15 -> St. Petersburg（Санкт-Петербург） | G312: =Truck!E15 -> 10400 | H312: - | N312: =$N$302 -> 45772 | O312: =Truck!F15 -> 18-20 | P312: =$P$302 -> 2 дня после заявки
A313: авто | B313: EXW | C313: =$C$302 -> 22т 82м3 | D313: =Truck!H16 -> Xiamen | E313: =Truck!$G$5 -> Erenhot | F313: =Truck!C16 -> Novosibirsk（Новосибирск） | G313: =Truck!E16 -> 8500 | H313: - | N313: =$N$302 -> 45772 | O313: =Truck!F16 -> 18-20 | P313: =$P$302 -> 2 дня после заявки
A314: авто | B314: EXW | C314: =$C$302 -> 22т 82м3 | D314: =Truck!H17 -> Xiamen | E314: =Truck!$G$5 -> Erenhot | F314: =Truck!C17 -> Minsk（Минск） | G314: =Truck!E17 -> 10800 | H314: - | N314: =$N$302 -> 45772 | O314: =Truck!F17 -> 18-22 | P314: =$P$302 -> 2 дня после заявки
... A382: авто | B382: EXW | C382: =$C$302 -> 22т 82м3 | D382: =Truck!H85 -> Chongqing | E382: =Truck!$G$5 -> Erenhot | F382: =Truck!C85 -> Novokuznetsk（Новокузнецк） | G382: =Truck!E85 -> 8000 | H382: - | N382: =$N$302 -> 45772 | O382: =Truck!F85 -> 15-18 | P382: =$P$302 -> 2 дня после заявки
